0,168,168,0.8,0
1,162,398,0.8,13.3
2,155,642,0.8,18
3,150,688,0.8,22.9
4,144,694,0.8,26
5,138,702,0.8,27.8
6,134,707,0.8,29
7,128,706,0.8,29.8
8,126,714,0.8,30.4
9,120,718,0.8,30.9
10,114,724,0.8,31.4
11,106,733,0.8,31.9
12,99,739,0.8,32.6
13,93,745,0.8,33.2
14,86,751,0.8,33.8
15,84,753,0.8,34.4
16,75,758,0.8,34.8
17,68,772,0.8,35.4
18,62,772,0.8,36.1
19,56,777,0.8,36.7
20,52,774,0.8,37.2
21,44,782,0.8,37.6
22,43,786,0.8,38.2
23,40,789,0.8,38.6
24,30,794,0.8,38.9
25,26,720,0.8,39.5
26,38,490,0.8,39.2
27,64,395,0.8,36.4
28,80,508,0.8,33.2
29,86,615,0.8,32
30,86,684,0.8,32.2
31,87,714,0.8,33
32,86,727,0.8,33.6
33,83,735,0.8,34.1
34,82,736,0.8,34.5
35,80,730,0.8,34.8
36,81,734,0.8,35
37,81,733,0.8,35
38,79,730,0.8,35.1
39,79,725,0.8,35.1
40,77,730,0.8,35.1
41,77,725,0.8,35.2
42,77,723,0.8,35.2
43,76,722,0.8,35.2
44,74,720,0.8,35.2
45,73,724,0.8,35.3
46,73,719,0.8,35.4
47,72,724,0.8,35.4
48,72,723,0.8,35.5
49,72,719,0.8,35.5
50,67,707,0.8,35.5
51,47,704,0.8,35.6
52,31,670,0.8,36.3
53,21,601,0.8,37
54,27,553,0.8,37
55,32,578,0.8,36.4
56,35,615,0.8,36.1
57,38,671,0.8,36.2
58,38,709,0.8,36.7
59,38,743,0.8,37.3
60,38,751,0.8,37.9
61,37,760,0.8,38.3
62,38,753,0.8,38.6
63,38,749,0.8,38.6
64,37,745,0.8,38.6
65,36,740,0.8,38.6
66,36,743,0.8,38.6
67,36,738,0.8,38.6
68,36,728,0.8,38.6
69,36,721,0.8,38.5
70,35,715,0.8,38.4
71,34,713,0.8,38.3
72,34,709,0.8,38.2
73,34,716,0.8,38.2
74,34,715,0.8,38.2
75,33,705,0.8,38.3
76,33,668,0.8,38.2
77,29,626,0.8,37.8
78,25,592,0.8,37.4
79,24,590,0.8,37
80,21,581,0.8,36.8
81,20,591,0.8,36.7
82,20,588,0.8,36.8
83,21,605,0.8,36.9
84,21,640,0.8,37
85,21,690,0.8,37.4
86,21,716,0.8,38.1
87,20,745,0.8,38.7
88,20,760,0.8,39.3
89,20,770,0.8,39.7
90,21,774,0.8,40
91,21,769,0.8,40.2
92,21,776,0.8,40.2
93,21,779,0.8,40.3
94,21,775,0.8,40.4
95,21,773,0.8,40.4
96,21,767,0.8,40.4
97,21,756,0.8,40.3
98,22,751,0.8,40.2
99,23,744,0.8,40
100,26,740,0.8,39.8
101,25,738,0.8,39.6
102,23,722,0.8,39.5
103,19,689,0.8,39.4
104,17,651,0.8,39.1
105,17,613,0.8,38.7
106,18,598,0.8,38.2
107,18,588,0.8,37.7
108,22,574,0.8,37.4
109,30,554,0.8,36.9
110,32,539,0.8,36.2
111,36,572,0.8,35.6
112,36,591,0.8,35.5
113,36,618,0.8,35.6
114,36,667,0.8,35.9
115,35,711,0.8,36.6
116,35,745,0.8,37.3
117,35,763,0.8,38.1
118,35,768,0.8,38.6
119,35,778,0.8,38.9
120,35,775,0.8,39.1
121,35,773,0.8,39.2
122,34,772,0.8,39.3
123,33,765,0.8,39.3
124,31,764,0.8,39.3
125,29,758,0.8,39.4
126,29,746,0.8,39.4
127,28,738,0.8,39.3
128,30,723,0.8,39.2
129,30,713,0.8,39
130,29,682,0.8,38.8
131,26,649,0.8,38.4
132,25,630,0.8,38
133,15,619,0.8,37.7
134,11,616,0.8,37.8
135,7,614,0.8,37.9
136,6,619,0.8,38.1
137,6,614,0.8,38.3
138,6,589,0.8,38.4
139,6,590,0.8,38.2
140,6,602,0.8,38.1
141,6,626,0.8,38.1
142,6,645,0.8,38.4
143,6,668,0.8,38.7
144,6,702,0.8,39.1
145,6,730,0.8,39.6
146,6,775,0.8,40.1
147,6,797,0.8,40.8
148,6,802,0.8,41.4
149,6,797,0.8,41.7
150,6,792,0.8,41.8
151,6,783,0.8,41.8
152,5,776,0.8,41.7
153,4,769,0.8,41.7
154,1,762,0.8,41.6
155,0,743,0.8,41.6
156,0,719,0.8,41.5
157,0,690,0.8,41.2
158,0,648,0.8,40.8
159,0,616,0.8,40.1
160,0,580,0.8,39.5
161,0,567,0.8,38.9
162,0,588,0.8,38.4
163,0,604,0.8,38.4
164,0,618,0.8,38.6
165,0,607,0.8,38.8
166,0,588,0.8,38.8
167,0,596,0.8,38.6
168,0,598,0.8,38.6
169,0,594,0.8,38.6
170,0,620,0.8,38.5
171,0,639,0.8,38.8
172,0,671,0.8,39.1
173,0,718,0.8,39.5
174,0,746,0.8,40.2
175,0,765,0.8,40.8
176,0,785,0.8,41.3
177,0,798,0.8,41.7
178,0,803,0.8,42.1
179,0,795,0.8,42.3
180,0,789,0.8,42.3
181,0,784,0.8,42.3
182,0,783,0.8,42.2
183,0,776,0.8,42.2
184,0,755,0.8,42.1
185,0,725,0.8,41.8
186,0,698,0.8,41.4
187,0,658,0.8,41
188,0,609,0.8,40.3
189,0,568,0.8,39.6
190,0,566,0.8,38.8
191,0,578,0.8,38.4
192,0,600,0.8,38.3
193,0,620,0.8,38.5
194,0,631,0.8,38.7
195,0,636,0.8,39
196,0,627,0.8,39.1
197,0,609,0.8,39.1
198,0,597,0.8,39
199,0,622,0.8,38.8
200,0,650,0.8,38.9
201,0,678,0.8,39.2
202,0,710,0.8,39.7
203,0,753,0.8,40.2
204,0,771,0.8,40.9
205,0,789,0.8,41.4
206,0,800,0.8,41.8
207,0,799,0.8,42.1
208,0,798,0.8,42.3
209,0,794,0.8,42.3
210,0,785,0.8,42.3
211,0,774,0.8,42.2
212,0,760,0.8,42.1
213,0,752,0.8,41.9
214,0,725,0.8,41.7
215,0,693,0.8,41.4
216,0,653,0.8,40.9
217,0,625,0.8,40.3
218,0,596,0.8,39.7
219,0,553,0.8,39.1
220,0,534,0.8,38.4
221,0,535,0.8,37.9
222,0,572,0.8,37.6
223,0,600,0.8,37.9
224,0,610,0.8,38.2
225,0,641,0.8,38.5
226,0,647,0.8,39
227,0,635,0.8,39.2
228,0,639,0.8,39.3
229,0,648,0.8,39.3
230,0,662,0.8,39.4
231,0,703,0.8,39.6
232,0,753,0.8,40.1
233,0,780,0.8,40.8
234,0,800,0.8,41.4
235,0,810,0.8,41.9
236,0,812,0.8,42.3
237,0,810,0.8,42.5
238,0,804,0.8,42.6
239,0,799,0.8,42.5
240,0,789,0.8,42.5
241,0,767,0.8,42.4
242,0,733,0.8,42.1
243,0,720,0.8,41.6
244,0,705,0.8,41.3
245,0,684,0.8,40.9
246,0,644,0.8,40.6
247,0,602,0.8,40
248,0,579,0.8,39.3
249,0,545,0.8,38.8
250,0,519,0.8,38.2
251,0,524,0.8,37.6
252,0,563,0.8,37.4
253,0,575,0.8,37.7
254,0,595,0.8,37.9
255,0,627,0.8,38.2
256,0,638,0.8,38.7
257,0,633,0.8,39
258,0,645,0.8,39.1
259,0,661,0.8,39.3
260,0,682,0.8,39.5
261,0,705,0.8,39.9
262,0,742,0.8,40.2
263,0,775,0.8,40.8
264,0,803,0.8,41.4
265,0,808,0.8,41.9
266,0,808,0.8,42.3
267,0,806,0.8,42.4
268,0,797,0.8,42.5
269,0,788,0.8,42.4
270,0,780,0.8,42.3
271,0,764,0.8,42.2
272,0,744,0.8,42
273,0,709,0.8,41.7
274,0,683,0.8,41.2
275,0,649,0.8,40.7
276,0,604,0.8,40.1
277,0,569,0.8,39.4
278,0,559,0.8,38.7
279,0,532,0.8,38.3
280,0,532,0.8,37.8
281,0,570,0.8,37.6
282,0,601,0.8,37.8
283,0,621,0.8,38.2
284,0,652,0.8,38.6
285,0,685,0.8,39.1
286,0,698,0.8,39.7
287,0,699,0.8,40.1
288,0,691,0.8,40.3
289,0,689,0.8,40.3
290,0,712,0.8,40.3
291,0,738,0.8,40.5
292,0,773,0.8,40.9
293,0,797,0.8,41.4
294,0,797,0.8,41.9
295,0,797,0.8,42.1
296,0,798,0.8,42.3
297,0,796,0.8,42.3
298,0,789,0.8,42.3
299,0,782,0.8,42.3
300,0,770,0.8,42.2
301,0,755,0.8,42
302,0,725,0.8,41.8
303,0,687,0.8,41.4
304,0,651,0.8,40.8
305,0,592,0.8,40.2
306,0,551,0.8,39.3
307,0,516,0.8,38.5
308,0,504,0.8,37.8
309,0,497,0.8,37.3
310,0,517,0.8,37
311,0,547,0.8,37
312,0,567,0.8,37.3
313,0,597,0.8,37.6
314,0,633,0.8,38.1
315,0,658,0.8,38.7
316,0,681,0.8,39.2
317,0,683,0.8,39.7
318,0,691,0.8,39.9
319,0,723,0.8,40.1
320,0,733,0.8,40.6
321,0,756,0.8,40.9
322,0,782,0.8,41.2
323,0,796,0.8,41.7
324,0,805,0.8,42
325,0,806,0.8,42.3
326,0,807,0.8,42.4
327,0,805,0.8,42.5
328,0,799,0.8,42.5
329,0,784,0.8,42.5
330,0,760,0.8,42.3
331,0,736,0.8,42
332,0,705,0.8,41.6
333,0,659,0.8,41.1
334,0,608,0.8,40.4
335,0,550,0.8,39.6
336,0,514,0.8,38.6
337,0,509,0.8,37.8
338,0,518,0.8,37.3
339,0,515,0.8,37.2
340,0,532,0.8,37.1
341,0,544,0.8,37.2
342,0,569,0.8,37.4
343,0,612,0.8,37.7
344,0,665,0.8,38.3
345,0,701,0.8,39.1
346,0,711,0.8,39.8
347,0,705,0.8,40.3
348,0,720,0.8,40.4
349,0,750,0.8,40.7
350,0,770,0.8,41.1
351,0,785,0.8,41.5
352,0,803,0.8,41.8
353,0,809,0.8,42.2
354,0,809,0.8,42.4
355,0,807,0.8,42.5
356,0,801,0.8,42.5
357,0,799,0.8,42.5
358,0,795,0.8,42.5
359,0,789,0.8,42.4
360,0,772,0.8,42.3
361,0,734,0.8,42.1
362,0,682,0.8,41.6
363,0,639,0.8,40.9
364,0,590,0.8,40.1
365,0,557,0.8,39.3
366,0,537,0.8,38.5
367,0,503,0.8,38
368,0,481,0.8,37.4
369,0,496,0.8,36.9
370,0,553,0.8,36.7
371,0,581,0.8,37.2
372,0,619,0.8,37.7
373,0,647,0.8,38.4
374,0,667,0.8,38.9
375,0,686,0.8,39.4
376,0,703,0.8,39.8
377,0,726,0.8,40.2
378,0,757,0.8,40.6
379,0,773,0.8,41.1
380,0,792,0.8,41.5
381,0,805,0.8,41.9
382,0,811,0.8,42.2
383,0,814,0.8,42.4
384,0,815,0.8,42.6
385,0,814,0.8,42.6
386,0,811,0.8,42.7
387,0,811,0.8,42.7
388,0,799,0.8,42.7
389,0,777,0.8,42.5
390,0,756,0.8,42.3
391,0,720,0.8,41.9
392,0,678,0.8,41.4
393,0,625,0.8,40.8
394,0,552,0.8,39.9
395,0,492,0.8,38.8
396,0,469,0.8,37.7
397,0,434,0.8,36.9
398,0,429,0.8,36.2
399,0,444,0.8,35.8
400,0,463,0.8,35.7
401,0,517,0.8,35.8
402,0,582,0.8,36.4
403,0,644,0.8,37.4
404,0,684,0.8,38.4
405,0,694,0.8,39.3
406,0,727,0.8,39.9
407,0,755,0.8,40.5
408,0,778,0.8,41
409,0,804,0.8,41.5
410,0,815,0.8,42
411,0,815,0.8,42.4
412,0,814,0.8,42.5
413,0,812,0.8,42.6
414,0,816,0.8,42.6
415,0,815,0.8,42.7
416,0,816,0.8,42.7
417,0,814,0.8,42.7
418,0,799,0.8,42.7
419,0,780,0.8,42.6
420,0,758,0.8,42.3
421,0,733,0.8,42
422,0,692,0.8,41.6
423,0,654,0.8,41
424,0,631,0.8,40.3
425,0,580,0.8,39.8
426,0,506,0.8,39
427,0,455,0.8,37.9
428,0,419,0.8,36.9
429,0,428,0.8,36
430,0,471,0.8,35.7
431,0,511,0.8,35.9
432,0,571,0.8,36.4
433,0,633,0.8,37.2
434,0,681,0.8,38.2
435,0,720,0.8,39.2
436,0,746,0.8,40.1
437,0,781,0.8,40.7
438,0,797,0.8,41.4
439,0,807,0.8,41.9
440,0,814,0.8,42.2
441,0,812,0.8,42.5
442,0,815,0.8,42.6
443,0,815,0.8,42.6
444,0,817,0.8,42.7
445,0,816,0.8,42.7
446,0,810,0.8,42.7
447,0,800,0.8,42.7
448,0,784,0.8,42.6
449,0,760,0.8,42.3
450,0,737,0.8,42
451,0,700,0.8,41.6
452,0,686,0.8,41.1
453,0,646,0.8,40.7
454,0,618,0.8,40.1
455,0,574,0.8,39.5
456,0,505,0.8,38.8
457,0,448,0.8,37.8
458,0,437,0.8,36.8
459,0,443,0.8,36.1
460,0,464,0.8,35.9
461,0,483,0.8,35.9
462,0,537,0.8,36.2
463,0,589,0.8,36.8
464,0,650,0.8,37.6
465,0,701,0.8,38.6
466,0,744,0.8,39.6
467,0,786,0.8,40.5
468,0,802,0.8,41.3
469,0,806,0.8,41.9
470,0,813,0.8,42.2
471,0,810,0.8,42.5
472,0,808,0.8,42.5
473,0,809,0.8,42.6
474,0,806,0.8,42.6
475,0,805,0.8,42.6
476,0,802,0.8,42.6
477,0,791,0.8,42.5
478,0,776,0.8,42.4
479,0,757,0.8,42.2
480,0,725,0.8,41.9
481,0,704,0.8,41.5
482,0,668,0.8,41
483,0,626,0.8,40.5
484,0,587,0.8,39.8
485,0,559,0.8,39.1
486,0,535,0.8,38.5
487,0,512,0.8,37.9
488,0,496,0.8,37.4
489,0,499,0.8,37
490,0,526,0.8,36.9
491,0,555,0.8,37
492,0,595,0.8,37.4
493,0,640,0.8,38
494,0,681,0.8,38.7
495,0,722,0.8,39.4
496,0,762,0.8,40.2
497,0,790,0.8,40.9
498,0,820,0.8,41.6
499,0,827,0.8,42.2
500,0,825,0.8,42.6
501,0,823,0.8,42.7
502,0,816,0.8,42.8
503,0,811,0.8,42.8
504,0,808,0.8,42.7
505,0,805,0.8,42.7
506,0,799,0.8,42.6
507,0,777,0.8,42.5
508,0,762,0.8,42.3
509,0,746,0.8,42
510,0,725,0.8,41.7
511,0,688,0.8,41.3
512,0,632,0.8,40.8
513,0,590,0.8,40
514,0,546,0.8,39.2
515,0,499,0.8,38.4
516,0,467,0.8,37.5
517,0,458,0.8,36.8
518,0,459,0.8,36.4
519,0,469,0.8,36.1
520,0,507,0.8,36.1
521,0,572,0.8,36.5
522,0,631,0.8,37.3
523,0,664,0.8,38.2
524,0,708,0.8,39
525,0,744,0.8,39.9
526,0,773,0.8,40.6
527,0,799,0.8,41.3
528,0,811,0.8,41.8
529,0,816,0.8,42.2
530,0,816,0.8,42.5
531,0,815,0.8,42.6
532,0,815,0.8,42.7
533,0,809,0.8,42.7
534,0,795,0.8,42.7
535,0,789,0.8,42.5
536,0,784,0.8,42.4
537,0,778,0.8,42.2
538,0,757,0.8,42.1
539,0,735,0.8,41.9
540,0,708,0.8,41.5
541,0,661,0.8,41.1
542,0,630,0.8,40.4
543,0,596,0.8,39.8
544,0,561,0.8,39.2
545,0,509,0.8,38.5
546,0,452,0.8,37.7
547,0,417,0.8,36.7
548,0,436,0.8,35.9
549,0,450,0.8,35.7
550,0,477,0.8,35.7
551,0,523,0.8,36
552,0,579,0.8,36.6
553,0,653,0.8,37.4
554,0,726,0.8,38.5
555,0,781,0.8,39.8
556,0,804,0.8,40.9
557,0,816,0.8,41.7
558,0,818,0.8,42.2
559,0,819,0.8,42.5
560,0,819,0.8,42.7
561,0,818,0.8,42.7
562,0,811,0.8,42.8
563,0,806,0.8,42.7
564,0,803,0.8,42.6
565,0,796,0.8,42.6
566,0,786,0.8,42.5
567,0,769,0.8,42.3
568,0,747,0.8,42.1
569,0,719,0.8,41.8
570,0,693,0.8,41.3
571,0,666,0.8,40.9
572,0,635,0.8,40.4
573,0,588,0.8,39.8
574,0,573,0.8,39.1
575,0,540,0.8,38.6
576,0,529,0.8,38
577,0,492,0.8,37.6
578,0,459,0.8,37.1
579,0,439,0.8,36.5
580,0,454,0.8,36
581,0,505,0.8,35.9
582,0,566,0.8,36.4
583,0,629,0.8,37.2
584,0,700,0.8,38.2
585,0,769,0.8,39.3
586,0,810,0.8,40.6
587,0,824,0.8,41.6
588,0,827,0.8,42.3
589,0,828,0.8,42.6
590,0,827,0.8,42.8
591,0,824,0.8,42.9
592,0,819,0.8,42.9
593,0,812,0.8,42.8
594,0,802,0.8,42.8
595,0,793,0.8,42.6
596,0,774,0.8,42.5
597,0,765,0.8,42.2
598,0,734,0.8,42
599,0,705,0.8,41.6
600,0,667,0.8,41.1
601,0,619,0.8,40.5
602,0,589,0.8,39.7
603,0,559,0.8,39.1
604,0,532,0.8,38.5
605,0,495,0.8,37.9
606,0,511,0.8,37.2
607,0,521,0.8,37.1
608,0,505,0.8,37.1
609,0,496,0.8,36.9
610,0,495,0.8,36.8
611,0,521,0.8,36.7
612,0,567,0.8,36.9
613,0,643,0.8,37.4
614,0,721,0.8,38.4
615,0,780,0.8,39.7
616,0,815,0.8,40.9
617,0,822,0.8,41.8
618,0,822,0.8,42.3
619,0,820,0.8,42.6
620,0,818,0.8,42.7
621,0,812,0.8,42.7
622,0,807,0.8,42.7
623,0,802,0.8,42.6
624,0,796,0.8,42.6
625,0,794,0.8,42.5
626,0,789,0.8,42.4
627,0,780,0.8,42.3
628,0,764,0.8,42.2
629,0,744,0.8,42
630,0,692,0.8,41.7
631,0,629,0.8,41
632,0,569,0.8,40.1
633,0,523,0.8,39.1
634,0,495,0.8,38.1
635,0,494,0.8,37.4
636,0,486,0.8,37
637,0,480,0.8,36.7
638,0,471,0.8,36.5
639,0,474,0.8,36.3
640,0,476,0.8,36.3
641,0,514,0.8,36.3
642,0,585,0.8,36.6
643,0,654,0.8,37.5
644,0,717,0.8,38.6
645,0,764,0.8,39.7
646,0,801,0.8,40.7
647,0,826,0.8,41.6
648,0,827,0.8,42.3
649,0,825,0.8,42.6
650,0,823,0.8,42.8
651,0,817,0.8,42.8
652,0,806,0.8,42.8
653,0,804,0.8,42.7
654,0,800,0.8,42.6
655,0,797,0.8,42.5
656,0,790,0.8,42.4
657,0,783,0.8,42.3
658,0,769,0.8,42.2
659,0,741,0.8,42
660,0,703,0.8,41.7
661,0,670,0.8,41.1
662,0,610,0.8,40.5
663,0,556,0.8,39.7
664,0,517,0.8,38.7
665,0,496,0.8,37.9
666,0,487,0.8,37.3
667,0,467,0.8,36.9
668,0,486,0.8,36.5
669,0,502,0.8,36.5
670,0,529,0.8,36.6
671,0,577,0.8,36.9
672,0,626,0.8,37.6
673,0,687,0.8,38.3
674,0,743,0.8,39.3
675,0,784,0.8,40.3
676,0,801,0.8,41.2
677,0,812,0.8,41.8
678,0,820,0.8,42.3
679,0,821,0.8,42.5
680,0,820,0.8,42.7
681,0,814,0.8,42.8
682,0,810,0.8,42.7
683,0,801,0.8,42.7
684,0,790,0.8,42.6
685,0,779,0.8,42.4
686,0,768,0.8,42.2
687,0,758,0.8,42
688,0,740,0.8,41.8
689,0,727,0.8,41.6
690,0,699,0.8,41.3
691,0,664,0.8,40.9
692,0,612,0.8,40.4
693,0,563,0.8,39.6
694,0,532,0.8,38.8
695,0,494,0.8,38
696,0,454,0.8,37.3
697,0,436,0.8,36.6
698,0,425,0.8,36
699,0,456,0.8,35.7
700,0,520,0.8,35.8
701,0,588,0.8,36.4
702,0,661,0.8,37.4
703,0,710,0.8,38.6
704,0,746,0.8,39.7
705,0,789,0.8,40.5
706,0,814,0.8,41.4
707,0,824,0.8,42
708,0,825,0.8,42.5
709,0,823,0.8,42.7
710,0,823,0.8,42.8
711,0,824,0.8,42.8
712,0,822,0.8,42.9
713,0,815,0.8,42.9
714,0,795,0.8,42.8
715,0,783,0.8,42.6
716,0,777,0.8,42.3
717,0,752,0.8,42.2
718,0,721,0.8,41.8
719,0,696,0.8,41.4
720,0,675,0.8,40.9
721,0,650,0.8,40.5
722,0,627,0.8,40
723,0,599,0.8,39.6
724,0,531,0.8,39.1
725,0,479,0.8,38.2
726,0,422,0.8,37.2
727,0,382,0.8,36.2
728,0,399,0.8,35.3
729,0,402,0.8,35.1
730,0,434,0.8,34.9
731,0,527,0.8,35.2
732,0,635,0.8,36.2
733,0,717,0.8,37.7
734,0,792,0.8,39.3
735,0,817,0.8,40.8
736,0,827,0.8,41.8
737,0,827,0.8,42.4
738,0,827,0.8,42.7
739,0,826,0.8,42.8
740,0,819,0.8,42.9
741,0,815,0.8,42.8
742,0,809,0.8,42.8
743,0,802,0.8,42.7
744,0,796,0.8,42.6
745,0,789,0.8,42.5
746,0,769,0.8,42.4
747,0,758,0.8,42.1
748,0,737,0.8,41.9
749,0,720,0.8,41.6
750,0,706,0.8,41.2
751,0,696,0.8,40.9
752,0,661,0.8,40.7
753,0,659,0.8,40.2
754,0,634,0.8,40
755,0,561,0.8,39.6
756,0,480,0.8,38.7
757,0,416,0.8,37.5
758,0,366,0.8,36.3
759,0,378,0.8,35.2
760,0,424,0.8,34.8
761,0,492,0.8,35
762,0,551,0.8,35.8
763,0,621,0.8,36.7
764,0,718,0.8,37.9
765,0,769,0.8,39.4
766,0,801,0.8,40.6
767,0,820,0.8,41.5
768,0,823,0.8,42.2
769,0,822,0.8,42.5
770,0,817,0.8,42.7
771,0,808,0.8,42.7
772,0,795,0.8,42.7
773,0,790,0.8,42.5
774,0,774,0.8,42.4
775,0,764,0.8,42.2
776,0,751,0.8,42
777,0,727,0.8,41.7
778,0,712,0.8,41.4
779,0,690,0.8,41.1
780,0,681,0.8,40.7
781,0,685,0.8,40.4
782,0,683,0.8,40.3
783,0,657,0.8,40.3
784,0,622,0.8,40
785,0,594,0.8,39.5
786,0,558,0.8,39
787,0,529,0.8,38.4
788,0,476,0.8,37.8
789,0,477,0.8,37
790,0,491,0.8,36.7
791,0,498,0.8,36.6
792,0,541,0.8,36.6
793,0,599,0.8,37.1
794,0,669,0.8,37.8
795,0,714,0.8,38.9
796,0,763,0.8,39.8
797,0,810,0.8,40.8
798,0,830,0.8,41.7
799,0,825,0.8,42.4
800,0,820,0.8,42.6
801,0,811,0.8,42.7
802,0,802,0.8,42.7
803,0,790,0.8,42.6
804,0,777,0.8,42.4
805,0,758,0.8,42.2
806,0,735,0.8,41.9
807,0,720,0.8,41.6
808,0,703,0.8,41.2
809,0,673,0.8,40.9
810,0,663,0.8,40.5
811,0,669,0.8,40.1
812,0,676,0.8,40
813,0,667,0.8,40.1
814,0,633,0.8,40
815,0,614,0.8,39.6
816,0,595,0.8,39.2
817,0,576,0.8,38.9
818,0,552,0.8,38.5
819,0,552,0.8,38.1
820,0,550,0.8,37.9
821,0,543,0.8,37.8
822,0,538,0.8,37.7
823,0,564,0.8,37.5
824,0,609,0.8,37.7
825,0,676,0.8,38.3
826,0,727,0.8,39.2
827,0,783,0.8,40.1
828,0,807,0.8,41.1
829,0,818,0.8,41.8
830,0,820,0.8,42.3
831,0,815,0.8,42.6
832,0,806,0.8,42.6
833,0,796,0.8,42.6
834,0,777,0.8,42.5
835,0,756,0.8,42.2
836,0,721,0.8,41.9
837,0,686,0.8,41.4
838,0,654,0.8,40.8
839,0,646,0.8,40.2
840,0,649,0.8,39.9
841,0,636,0.8,39.7
842,0,630,0.8,39.5
843,0,615,0.8,39.3
844,0,617,0.8,39.1
845,0,623,0.8,39
846,0,612,0.8,39
847,0,609,0.8,38.9
848,0,625,0.8,38.9
849,0,617,0.8,39
850,0,620,0.8,39
851,0,596,0.8,39
852,0,591,0.8,38.8
853,0,613,0.8,38.6
854,0,640,0.8,38.7
855,0,679,0.8,39.1
856,0,724,0.8,39.6
857,0,762,0.8,40.3
858,0,796,0.8,41
859,0,812,0.8,41.7
860,0,823,0.8,42.2
861,0,820,0.8,42.5
862,0,815,0.8,42.7
863,0,801,0.8,42.7
864,0,784,0.8,42.6
865,0,761,0.8,42.4
866,0,738,0.8,42
867,0,706,0.8,41.6
868,0,666,0.8,41.1
869,0,652,0.8,40.5
870,0,650,0.8,40.1
871,0,651,0.8,39.8
872,0,643,0.8,39.7
873,0,627,0.8,39.6
874,0,625,0.8,39.4
875,0,619,0.8,39.2
876,0,616,0.8,39.1
877,0,612,0.8,39
878,0,611,0.8,38.9
879,0,614,0.8,38.9
880,0,611,0.8,38.9
881,0,614,0.8,38.9
882,0,618,0.8,38.9
883,0,640,0.8,38.9
884,0,667,0.8,39.1
885,0,694,0.8,39.5
886,0,727,0.8,40
887,0,764,0.8,40.5
888,0,785,0.8,41.1
889,0,802,0.8,41.6
890,0,814,0.8,42.1
891,0,815,0.8,42.4
892,0,808,0.8,42.6
893,0,783,0.8,42.6
894,0,755,0.8,42.3
895,0,723,0.8,42
896,0,687,0.8,41.5
897,0,660,0.8,40.9
898,0,621,0.8,40.3
899,0,596,0.8,39.7
900,0,578,0.8,39.1
901,0,569,0.8,38.6
902,0,554,0.8,38.3
903,0,543,0.8,38
904,0,545,0.8,37.8
905,0,551,0.8,37.7
906,0,575,0.8,37.7
907,0,595,0.8,37.9
908,0,597,0.8,38.2
909,0,592,0.8,38.4
910,0,583,0.8,38.4
911,0,594,0.8,38.4
912,0,623,0.8,38.4
913,0,646,0.8,38.7
914,0,649,0.8,39.1
915,0,665,0.8,39.3
916,0,697,0.8,39.6
917,0,736,0.8,40
918,0,773,0.8,40.6
919,0,807,0.8,41.3
920,0,818,0.8,41.9
921,0,821,0.8,42.4
922,0,815,0.8,42.6
923,0,805,0.8,42.7
924,0,785,0.8,42.6
925,0,770,0.8,42.4
926,0,752,0.8,42.1
927,0,727,0.8,41.8
928,0,702,0.8,41.4
929,0,657,0.8,41
930,0,620,0.8,40.4
931,0,576,0.8,39.7
932,0,541,0.8,38.9
933,0,514,0.8,38.2
934,0,517,0.8,37.6
935,0,526,0.8,37.3
936,0,529,0.8,37.3
937,0,535,0.8,37.3
938,0,574,0.8,37.3
939,0,612,0.8,37.7
940,0,638,0.8,38.3
941,0,627,0.8,38.8
942,0,612,0.8,39
943,0,615,0.8,38.9
944,0,620,0.8,38.9
945,0,641,0.8,39
946,0,681,0.8,39.2
947,0,712,0.8,39.7
948,0,739,0.8,40.2
949,0,760,0.8,40.7
950,0,774,0.8,41.2
951,0,788,0.8,41.6
952,0,805,0.8,41.9
953,0,810,0.8,42.2
954,0,804,0.8,42.4
955,0,786,0.8,42.5
956,0,769,0.8,42.3
957,0,750,0.8,42.1
958,0,729,0.8,41.8
959,0,697,0.8,41.4
960,0,663,0.8,41
961,0,633,0.8,40.4
962,0,600,0.8,39.8
963,0,576,0.8,39.2
964,0,548,0.8,38.7
965,0,536,0.8,38.2
966,0,544,0.8,37.8
967,0,555,0.8,37.7
968,0,594,0.8,37.7
969,0,630,0.8,38.1
970,0,646,0.8,38.6
971,0,653,0.8,39.1
972,0,664,0.8,39.4
973,0,660,0.8,39.6
974,0,667,0.8,39.7
975,0,678,0.8,39.8
976,0,688,0.8,39.9
977,0,721,0.8,40.1
978,0,741,0.8,40.5
979,0,768,0.8,40.9
980,0,806,0.8,41.4
981,0,817,0.8,42
982,0,818,0.8,42.4
983,0,811,0.8,42.6
984,0,798,0.8,42.6
985,0,778,0.8,42.5
986,0,750,0.8,42.3
987,0,720,0.8,41.9
988,0,681,0.8,41.4
989,0,660,0.8,40.8
990,0,644,0.8,40.3
991,0,629,0.8,39.9
992,0,589,0.8,39.5
993,0,572,0.8,39
994,0,558,0.8,38.5
995,0,582,0.8,38.2
996,0,580,0.8,38.2
997,0,611,0.8,38.2
998,0,669,0.8,38.5
999,0,694,0.8,39.2
1000,0,702,0.8,39.8
1001,0,685,0.8,40.2
1002,0,672,0.8,40.2
1003,0,665,0.8,40.1
1004,0,652,0.8,40
1005,0,671,0.8,39.8
1006,0,698,0.8,39.9
1007,0,743,0.8,40.2
1008,0,783,0.8,40.8
1009,0,811,0.8,41.4
1010,0,827,0.8,42
1011,0,829,0.8,42.5
1012,0,828,0.8,42.7
1013,0,824,0.8,42.9
1014,0,817,0.8,42.9
1015,0,800,0.8,42.8
1016,0,778,0.8,42.6
1017,0,741,0.8,42.3
1018,0,699,0.8,41.8
1019,0,642,0.8,41.2
1020,0,607,0.8,40.3
1021,0,563,0.8,39.5
1022,0,534,0.8,38.7
1023,0,494,0.8,38
1024,0,510,0.8,37.3
1025,0,535,0.8,37.1
1026,0,560,0.8,37.2
1027,0,591,0.8,37.5
1028,0,629,0.8,38
1029,0,656,0.8,38.6
1030,0,665,0.8,39.1
1031,0,658,0.8,39.5
1032,0,642,0.8,39.6
1033,0,631,0.8,39.5
1034,0,631,0.8,39.4
1035,0,643,0.8,39.3
1036,0,671,0.8,39.4
1037,0,711,0.8,39.7
1038,0,755,0.8,40.2
1039,0,789,0.8,40.9
1040,0,811,0.8,41.6
1041,0,826,0.8,42.1
1042,0,826,0.8,42.5
1043,0,824,0.8,42.7
1044,0,814,0.8,42.8
1045,0,803,0.8,42.8
1046,0,776,0.8,42.6
1047,0,735,0.8,42.3
1048,0,691,0.8,41.7
1049,0,643,0.8,41.1
1050,0,597,0.8,40.2
1051,0,555,0.8,39.4
1052,0,510,0.8,38.6
1053,0,488,0.8,37.7
1054,0,467,0.8,37.1
1055,0,457,0.8,36.6
1056,0,463,0.8,36.2
1057,0,497,0.8,36.1
1058,0,529,0.8,36.4
1059,0,557,0.8,36.8
1060,0,605,0.8,37.3
1061,0,663,0.8,38
1062,0,670,0.8,38.9
1063,0,666,0.8,39.4
1064,0,644,0.8,39.7
1065,0,643,0.8,39.6
1066,0,655,0.8,39.5
1067,0,678,0.8,39.6
1068,0,715,0.8,39.8
1069,0,761,0.8,40.3
1070,0,791,0.8,41
1071,0,815,0.8,41.6
1072,0,829,0.8,42.2
1073,0,827,0.8,42.6
1074,0,820,0.8,42.8
1075,0,811,0.8,42.8
1076,0,800,0.8,42.7
1077,0,773,0.8,42.6
1078,0,743,0.8,42.3
1079,0,710,0.8,41.8
1080,0,677,0.8,41.3
1081,0,634,0.8,40.7
1082,0,593,0.8,40
1083,0,550,0.8,39.2
1084,0,529,0.8,38.4
1085,0,480,0.8,37.9
1086,0,478,0.8,37.1
1087,0,483,0.8,36.7
1088,0,520,0.8,36.5
1089,0,579,0.8,36.8
1090,0,650,0.8,37.5
1091,0,687,0.8,38.5
1092,0,708,0.8,39.4
1093,0,704,0.8,40
1094,0,676,0.8,40.3
1095,0,659,0.8,40.2
1096,0,670,0.8,40
1097,0,687,0.8,40
1098,0,707,0.8,40.1
1099,0,729,0.8,40.4
1100,0,751,0.8,40.7
1101,0,776,0.8,41.1
1102,0,802,0.8,41.5
1103,0,821,0.8,42
1104,0,827,0.8,42.4
1105,0,827,0.8,42.7
1106,0,818,0.8,42.8
1107,0,806,0.8,42.8
1108,0,777,0.8,42.7
1109,0,744,0.8,42.3
1110,0,678,0.8,41.9
1111,0,634,0.8,41
1112,0,582,0.8,40.1
1113,0,531,0.8,39.2
1114,0,467,0.8,38.2
1115,0,411,0.8,37.2
1116,0,384,0.8,36.1
1117,0,382,0.8,35.3
1118,0,437,0.8,34.9
1119,0,504,0.8,35.2
1120,0,563,0.8,36
1121,0,606,0.8,36.9
1122,0,640,0.8,37.8
1123,0,678,0.8,38.6
1124,0,710,0.8,39.4
1125,0,727,0.8,40
1126,0,722,0.8,40.5
1127,0,722,0.8,40.7
1128,0,734,0.8,40.8
1129,0,746,0.8,41
1130,0,762,0.8,41.2
1131,0,785,0.8,41.5
1132,0,802,0.8,41.8
1133,0,817,0.8,42.1
1134,0,820,0.8,42.5
1135,0,827,0.8,42.6
1136,0,832,0.8,42.8
1137,0,827,0.8,42.9
1138,0,811,0.8,42.9
1139,0,794,0.8,42.8
1140,0,772,0.8,42.6
1141,0,732,0.8,42.2
1142,0,667,0.8,41.7
1143,0,597,0.8,40.8
1144,0,523,0.8,39.7
1145,0,454,0.8,38.4
1146,0,439,0.8,37.1
1147,0,395,0.8,36.3
1148,0,404,0.8,35.5
1149,0,424,0.8,35.2
1150,0,487,0.8,35.2
1151,0,545,0.8,35.8
1152,0,589,0.8,36.7
1153,0,645,0.8,37.6
1154,0,675,0.8,38.5
1155,0,695,0.8,39.3
1156,0,704,0.8,39.9
1157,0,713,0.8,40.2
1158,0,729,0.8,40.5
1159,0,747,0.8,40.8
1160,0,763,0.8,41.1
1161,0,778,0.8,41.4
1162,0,798,0.8,41.7
1163,0,816,0.8,42.1
1164,0,825,0.8,42.4
1165,0,833,0.8,42.7
1166,0,832,0.8,42.9
1167,0,828,0.8,43
1168,0,825,0.8,43
1169,0,818,0.8,42.9
1170,0,799,0.8,42.9
1171,0,768,0.8,42.6
1172,0,719,0.8,42.2
1173,0,671,0.8,41.6
1174,0,594,0.8,40.8
1175,0,512,0.8,39.6
1176,0,449,0.8,38.3
1177,0,392,0.8,37
1178,0,342,0.8,35.8
1179,0,320,0.8,34.8
1180,0,329,0.8,34
1181,0,352,0.8,33.7
1182,0,393,0.8,33.8
1183,0,440,0.8,34.2
1184,0,489,0.8,34.9
1185,0,538,0.8,35.7
1186,0,585,0.8,36.6
1187,0,640,0.8,37.4
1188,0,689,0.8,38.4
1189,0,730,0.8,39.4
1190,0,761,0.8,40.2
1191,0,782,0.8,41
1192,0,799,0.8,41.5
1193,0,820,0.8,42
1194,0,828,0.8,42.4
1195,0,831,0.8,42.7
1196,0,827,0.8,42.9
1197,0,826,0.8,42.9
1198,0,820,0.8,42.9
1199,0,811,0.8,42.9
1200,0,802,0.8,42.8
1201,0,791,0.8,42.6
1202,0,781,0.8,42.4
1203,0,771,0.8,42.3
1204,0,741,0.8,42.1
1205,0,709,0.8,41.7
1206,0,660,0.8,41.2
1207,0,601,0.8,40.5
1208,0,540,0.8,39.6
1209,0,481,0.8,38.5
1210,0,455,0.8,37.4
1211,0,421,0.8,36.6
1212,0,401,0.8,35.9
1213,0,422,0.8,35.4
1214,0,447,0.8,35.3
1215,0,476,0.8,35.5
1216,0,501,0.8,35.9
1217,0,556,0.8,36.3
1218,0,616,0.8,37
1219,0,682,0.8,38
1220,0,735,0.8,39.1
1221,0,785,0.8,40.1
1222,0,808,0.8,41.1
1223,0,820,0.8,41.9
1224,0,824,0.8,42.3
1225,0,823,0.8,42.6
1226,0,818,0.8,42.7
1227,0,812,0.8,42.8
1228,0,811,0.8,42.7
1229,0,799,0.8,42.7
1230,0,790,0.8,42.5
1231,0,786,0.8,42.4
1232,0,777,0.8,42.3
1233,0,772,0.8,42.1
1234,0,748,0.8,42
1235,0,730,0.8,41.7
1236,0,691,0.8,41.4
1237,0,639,0.8,40.9
1238,0,577,0.8,40.1
1239,0,528,0.8,39.2
1240,0,511,0.8,38.2
1241,0,488,0.8,37.6
1242,0,471,0.8,37
1243,0,473,0.8,36.6
1244,0,505,0.8,36.4
1245,0,501,0.8,36.6
1246,0,533,0.8,36.7
1247,0,568,0.8,37
1248,0,627,0.8,37.5
1249,0,701,0.8,38.3
1250,0,744,0.8,39.4
1251,0,776,0.8,40.4
1252,0,807,0.8,41.2
1253,0,817,0.8,41.9
1254,0,817,0.8,42.3
1255,0,815,0.8,42.5
1256,0,813,0.8,42.6
1257,0,804,0.8,42.7
1258,0,800,0.8,42.6
1259,0,793,0.8,42.5
1260,0,781,0.8,42.4
1261,0,775,0.8,42.2
1262,0,767,0.8,42.1
1263,0,762,0.8,42
1264,0,750,0.8,41.8
1265,0,730,0.8,41.7
1266,0,684,0.8,41.4
1267,0,638,0.8,40.8
1268,0,568,0.8,40.1
1269,0,499,0.8,39
1270,0,449,0.8,37.9
1271,0,419,0.8,36.8
1272,0,403,0.8,36
1273,0,387,0.8,35.4
1274,0,411,0.8,35
1275,0,475,0.8,35
1276,0,522,0.8,35.6
1277,0,599,0.8,36.4
1278,0,676,0.8,37.5
1279,0,739,0.8,38.8
1280,0,787,0.8,40
1281,0,816,0.8,41.1
1282,0,828,0.8,41.9
1283,0,828,0.8,42.4
1284,0,828,0.8,42.7
1285,0,828,0.8,42.8
1286,0,824,0.8,42.9
1287,0,819,0.8,42.9
1288,0,811,0.8,42.9
1289,0,800,0.8,42.7
1290,0,789,0.8,42.6
1291,0,777,0.8,42.4
1292,0,770,0.8,42.2
1293,0,769,0.8,42
1294,0,764,0.8,41.9
1295,0,744,0.8,41.8
1296,0,717,0.8,41.6
1297,0,676,0.8,41.2
1298,0,617,0.8,40.6
1299,0,539,0.8,39.8
1300,0,476,0.8,38.6
1301,0,394,0.8,37.4
1302,0,332,0.8,36.1
1303,0,301,0.8,34.8
1304,0,295,0.8,33.8
1305,0,352,0.8,33.3
1306,0,427,0.8,33.6
1307,0,496,0.8,34.5
1308,0,603,0.8,35.5
1309,0,681,0.8,37.1
1310,0,755,0.8,38.6
1311,0,801,0.8,40.1
1312,0,828,0.8,41.3
1313,0,831,0.8,42.1
1314,0,831,0.8,42.6
1315,0,829,0.8,42.8
1316,0,825,0.8,42.9
1317,0,820,0.8,42.9
1318,0,814,0.8,42.9
1319,0,808,0.8,42.8
1320,0,806,0.8,42.7
1321,0,796,0.8,42.6
1322,0,789,0.8,42.5
1323,0,783,0.8,42.4
1324,0,775,0.8,42.2
1325,0,769,0.8,42.1
1326,0,750,0.8,42
1327,0,725,0.8,41.7
1328,0,685,0.8,41.4
1329,0,628,0.8,40.8
1330,0,552,0.8,40
1331,0,486,0.8,38.8
1332,0,429,0.8,37.6
1333,0,388,0.8,36.5
1334,0,364,0.8,35.5
1335,0,372,0.8,34.8
1336,0,405,0.8,34.5
1337,0,504,0.8,34.7
1338,0,598,0.8,35.7
1339,0,668,0.8,37.2
1340,0,737,0.8,38.5
1341,0,788,0.8,39.9
1342,0,818,0.8,41
1343,0,826,0.8,41.9
1344,0,825,0.8,42.4
1345,0,824,0.8,42.7
1346,0,824,0.8,42.8
1347,0,819,0.8,42.8
1348,0,812,0.8,42.8
1349,0,808,0.8,42.7
1350,0,801,0.8,42.7
1351,0,800,0.8,42.6
1352,0,795,0.8,42.5
1353,0,787,0.8,42.4
1354,0,783,0.8,42.3
1355,0,772,0.8,42.2
1356,0,749,0.8,42.1
1357,0,720,0.8,41.8
1358,0,683,0.8,41.3
1359,0,628,0.8,40.8
1360,0,567,0.8,40
1361,0,496,0.8,39
1362,0,428,0.8,37.8
1363,0,398,0.8,36.6
1364,0,378,0.8,35.7
1365,0,403,0.8,35
1366,0,450,0.8,34.9
1367,0,525,0.8,35.3
1368,0,610,0.8,36.3
1369,0,678,0.8,37.5
1370,0,749,0.8,38.8
1371,0,793,0.8,40.1
1372,0,825,0.8,41.2
1373,0,830,0.8,42.1
1374,0,829,0.8,42.5
1375,0,825,0.8,42.8
1376,0,821,0.8,42.8
1377,0,815,0.8,42.8
1378,0,809,0.8,42.8
1379,0,799,0.8,42.7
1380,0,793,0.8,42.6
1381,0,787,0.8,42.4
1382,0,784,0.8,42.3
1383,0,781,0.8,42.2
1384,0,772,0.8,42.1
1385,0,763,0.8,42
1386,0,752,0.8,41.9
1387,0,719,0.8,41.7
1388,0,681,0.8,41.3
1389,0,628,0.8,40.7
1390,0,571,0.8,39.9
1391,0,498,0.8,39
1392,0,445,0.8,37.8
1393,0,408,0.8,36.7
1394,0,387,0.8,35.8
1395,0,409,0.8,35.2
1396,0,463,0.8,35.1
1397,0,513,0.8,35.5
1398,0,596,0.8,36.2
1399,0,683,0.8,37.4
1400,0,752,0.8,38.8
1401,0,795,0.8,40.2
1402,0,819,0.8,41.3
1403,0,827,0.8,42
1404,0,826,0.8,42.5
1405,0,825,0.8,42.7
1406,0,818,0.8,42.8
1407,0,808,0.8,42.8
1408,0,803,0.8,42.7
1409,0,799,0.8,42.6
1410,0,791,0.8,42.5
1411,0,783,0.8,42.4
1412,0,774,0.8,42.2
1413,0,765,0.8,42.1
1414,0,752,0.8,41.9
1415,0,738,0.8,41.7
1416,0,722,0.8,41.5
1417,0,694,0.8,41.2
1418,0,663,0.8,40.8
1419,0,615,0.8,40.3
1420,0,549,0.8,39.6
1421,0,503,0.8,38.6
1422,0,472,0.8,37.7
1423,0,477,0.8,36.9
1424,0,479,0.8,36.6
1425,0,469,0.8,36.5
1426,0,486,0.8,36.3
1427,0,510,0.8,36.4
1428,0,556,0.8,36.6
1429,0,617,0.8,37.2
1430,0,683,0.8,38.1
1431,0,748,0.8,39.1
1432,0,803,0.8,40.3
1433,0,819,0.8,41.4
1434,0,827,0.8,42.1
1435,0,822,0.8,42.5
1436,0,821,0.8,42.7
1437,0,815,0.8,42.8
1438,0,810,0.8,42.7
1439,0,811,0.8,42.7
1440,0,805,0.8,42.7
1441,0,793,0.8,42.6
1442,0,785,0.8,42.5
1443,0,773,0.8,42.3
1444,0,757,0.8,42.1
1445,0,745,0.8,41.9
1446,0,709,0.8,41.6
1447,0,655,0.8,41.2
1448,0,576,0.8,40.4
1449,0,526,0.8,39.3
1450,0,506,0.8,38.2
1451,0,499,0.8,37.5
1452,0,501,0.8,37.1
1453,0,506,0.8,36.9
1454,0,516,0.8,36.9
1455,0,522,0.8,36.9
1456,0,526,0.8,37
1457,0,544,0.8,37.1
1458,0,578,0.8,37.3
1459,0,612,0.8,37.8
1460,0,666,0.8,38.3
1461,0,733,0.8,39.1
1462,0,774,0.8,40.1
1463,0,805,0.8,41
1464,0,818,0.8,41.8
1465,0,818,0.8,42.3
1466,0,814,0.8,42.5
1467,0,809,0.8,42.6
1468,0,806,0.8,42.6
1469,0,802,0.8,42.6
1470,0,795,0.8,42.5
1471,0,789,0.8,42.4
1472,0,780,0.8,42.3
1473,0,775,0.8,42.2
1474,0,766,0.8,42.1
1475,0,741,0.8,41.9
1476,0,712,0.8,41.6
1477,0,671,0.8,41.2
1478,0,604,0.8,40.6
1479,0,550,0.8,39.6
1480,0,515,0.8,38.6
1481,0,496,0.8,37.8
1482,0,496,0.8,37.2
1483,0,490,0.8,36.9
1484,0,522,0.8,36.7
1485,0,543,0.8,36.9
1486,0,574,0.8,37.2
1487,0,588,0.8,37.7
1488,0,587,0.8,38
1489,0,599,0.8,38.2
1490,0,631,0.8,38.4
1491,0,667,0.8,38.8
1492,0,714,0.8,39.3
1493,0,753,0.8,40.1
1494,0,793,0.8,40.8
1495,0,815,0.8,41.6
1496,0,819,0.8,42.1
1497,0,815,0.8,42.5
1498,0,808,0.8,42.6
1499,0,799,0.8,42.6
1500,0,790,0.8,42.5
1501,0,779,0.8,42.4
1502,0,779,0.8,42.2
1503,0,779,0.8,42.1
1504,0,757,0.8,42.1
1505,0,735,0.8,41.8
1506,0,712,0.8,41.5
1507,0,681,0.8,41.1
1508,0,629,0.8,40.7
1509,0,568,0.8,39.9
1510,0,504,0.8,39
1511,0,465,0.8,37.9
1512,0,473,0.8,37
1513,0,489,0.8,36.6
1514,0,519,0.8,36.5
1515,0,525,0.8,36.8
1516,0,527,0.8,37
1517,0,541,0.8,37.1
1518,0,543,0.8,37.3
1519,0,569,0.8,37.4
1520,0,607,0.8,37.7
1521,0,651,0.8,38.2
1522,0,718,0.8,38.9
1523,0,764,0.8,39.9
1524,0,802,0.8,40.8
1525,0,818,0.8,41.6
1526,0,821,0.8,42.2
1527,0,817,0.8,42.5
1528,0,809,0.8,42.6
1529,0,805,0.8,42.6
1530,0,791,0.8,42.6
1531,0,781,0.8,42.4
1532,0,776,0.8,42.2
1533,0,771,0.8,42.1
1534,0,764,0.8,42
1535,0,744,0.8,41.9
1536,0,719,0.8,41.6
1537,0,688,0.8,41.3
1538,0,648,0.8,40.8
1539,0,621,0.8,40.2
1540,0,600,0.8,39.6
1541,0,570,0.8,39.1
1542,0,560,0.8,38.6
1543,0,552,0.8,38.2
1544,0,543,0.8,38
1545,0,541,0.8,37.7
1546,0,537,0.8,37.6
1547,0,523,0.8,37.5
1548,0,552,0.8,37.3
1549,0,577,0.8,37.5
1550,0,627,0.8,37.8
1551,0,686,0.8,38.5
1552,0,730,0.8,39.4
1553,0,772,0.8,40.2
1554,0,798,0.8,41.1
1555,0,810,0.8,41.7
1556,0,815,0.8,42.2
1557,0,816,0.8,42.5
1558,0,807,0.8,42.6
1559,0,801,0.8,42.6
1560,0,794,0.8,42.5
1561,0,789,0.8,42.4
1562,0,788,0.8,42.3
1563,0,782,0.8,42.3
1564,0,773,0.8,42.2
1565,0,761,0.8,42.1
1566,0,731,0.8,41.9
1567,0,708,0.8,41.5
1568,0,676,0.8,41.1
1569,0,647,0.8,40.6
1570,0,626,0.8,40
1571,0,604,0.8,39.6
1572,0,570,0.8,39.1
1573,0,548,0.8,38.6
1574,0,537,0.8,38.1
1575,0,515,0.8,37.8
1576,0,510,0.8,37.4
1577,0,512,0.8,37.1
1578,0,520,0.8,37
1579,0,554,0.8,37.1
1580,0,609,0.8,37.4
1581,0,653,0.8,38.1
1582,0,697,0.8,38.9
1583,0,742,0.8,39.7
1584,0,772,0.8,40.5
1585,0,791,0.8,41.2
1586,0,809,0.8,41.7
1587,0,802,0.8,42.2
1588,0,796,0.8,42.3
1589,0,784,0.8,42.3
1590,0,780,0.8,42.2
1591,0,781,0.8,42.1
1592,0,776,0.8,42.1
1593,0,766,0.8,42
1594,0,751,0.8,41.9
1595,0,733,0.8,41.7
1596,0,718,0.8,41.4
1597,0,703,0.8,41.2
1598,0,677,0.8,40.9
1599,0,665,0.8,40.5
1600,0,627,0.8,40.2
1601,0,604,0.8,39.7
1602,0,574,0.8,39.2
1603,0,561,0.8,38.6
1604,0,528,0.8,38.3
1605,0,533,0.8,37.7
1606,0,549,0.8,37.5
1607,0,551,0.8,37.6
1608,0,576,0.8,37.6
1609,0,594,0.8,37.9
1610,0,623,0.8,38.2
1611,0,658,0.8,38.6
1612,0,709,0.8,39.2
1613,0,770,0.8,39.9
1614,0,796,0.8,40.9
1615,0,807,0.8,41.6
1616,0,806,0.8,42.1
1617,0,802,0.8,42.3
1618,0,792,0.8,42.4
1619,0,780,0.8,42.3
1620,0,767,0.8,42.2
1621,0,760,0.8,42
1622,0,752,0.8,41.8
1623,0,739,0.8,41.7
1624,0,728,0.8,41.5
1625,0,732,0.8,41.3
1626,0,745,0.8,41.2
1627,0,732,0.8,41.3
1628,0,724,0.8,41.2
1629,0,698,0.8,41.1
1630,0,649,0.8,40.8
1631,0,615,0.8,40.2
1632,0,587,0.8,39.5
1633,0,551,0.8,39
1634,0,529,0.8,38.3
1635,0,517,0.8,37.8
1636,0,510,0.8,37.4
1637,0,496,0.8,37.2
1638,0,506,0.8,36.9
1639,0,525,0.8,36.9
1640,0,554,0.8,37
1641,0,599,0.8,37.4
1642,0,644,0.8,38
1643,0,687,0.8,38.7
1644,0,738,0.8,39.5
1645,0,770,0.8,40.4
1646,0,797,0.8,41.1
1647,0,807,0.8,41.8
1648,0,799,0.8,42.2
1649,0,787,0.8,42.3
1650,0,763,0.8,42.2
1651,0,736,0.8,42
1652,0,719,0.8,41.6
1653,0,707,0.8,41.2
1654,0,702,0.8,41
1655,0,710,0.8,40.8
1656,0,723,0.8,40.7
1657,0,736,0.8,40.9
1658,0,745,0.8,41
1659,0,730,0.8,41.2
1660,0,707,0.8,41.2
1661,0,680,0.8,40.9
1662,0,650,0.8,40.5
1663,0,625,0.8,40
1664,0,606,0.8,39.6
1665,0,593,0.8,39.2
1666,0,584,0.8,38.8
1667,0,597,0.8,38.6
1668,0,598,0.8,38.6
1669,0,613,0.8,38.6
1670,0,616,0.8,38.7
1671,0,638,0.8,38.8
1672,0,662,0.8,39.1
1673,0,696,0.8,39.4
1674,0,731,0.8,39.9
1675,0,767,0.8,40.5
1676,0,796,0.8,41.2
1677,0,804,0.8,41.8
1678,0,800,0.8,42.1
1679,0,778,0.8,42.3
1680,0,751,0.8,42.2
1681,0,719,0.8,41.8
1682,0,682,0.8,41.4
1683,0,669,0.8,40.8
1684,0,650,0.8,40.4
1685,0,645,0.8,40
1686,0,648,0.8,39.7
1687,0,651,0.8,39.6
1688,0,669,0.8,39.6
1689,0,685,0.8,39.8
1690,0,687,0.8,40
1691,0,663,0.8,40.1
1692,0,639,0.8,40
1693,0,625,0.8,39.7
1694,0,627,0.8,39.4
1695,0,602,0.8,39.3
1696,0,591,0.8,39
1697,0,590,0.8,38.7
1698,0,606,0.8,38.6
1699,0,619,0.8,38.6
1700,0,625,0.8,38.8
1701,0,634,0.8,39
1702,0,665,0.8,39.1
1703,0,701,0.8,39.5
1704,0,740,0.8,40
1705,0,778,0.8,40.7
1706,0,797,0.8,41.3
1707,0,809,0.8,41.9
1708,0,806,0.8,42.2
1709,0,802,0.8,42.4
1710,0,787,0.8,42.4
1711,0,761,0.8,42.3
1712,0,736,0.8,42
1713,0,688,0.8,41.6
1714,0,651,0.8,41
1715,0,639,0.8,40.3
1716,0,633,0.8,39.8
1717,0,636,0.8,39.5
1718,0,641,0.8,39.4
1719,0,647,0.8,39.4
1720,0,666,0.8,39.5
1721,0,671,0.8,39.7
1722,0,668,0.8,39.8
1723,0,665,0.8,39.9
1724,0,663,0.8,39.9
1725,0,663,0.8,39.8
1726,0,644,0.8,39.8
1727,0,639,0.8,39.6
1728,0,640,0.8,39.5
1729,0,646,0.8,39.4
1730,0,658,0.8,39.5
1731,0,657,0.8,39.6
1732,0,677,0.8,39.7
1733,0,697,0.8,39.9
1734,0,726,0.8,40.2
1735,0,755,0.8,40.6
1736,0,782,0.8,41.1
1737,0,805,0.8,41.6
1738,0,810,0.8,42.1
1739,0,803,0.8,42.3
1740,0,785,0.8,42.4
1741,0,757,0.8,42.3
1742,0,716,0.8,42
1743,0,672,0.8,41.4
1744,0,636,0.8,40.7
1745,0,609,0.8,40
1746,0,582,0.8,39.4
1747,0,547,0.8,38.8
1748,0,526,0.8,38.2
1749,0,506,0.8,37.7
1750,0,513,0.8,37.3
1751,0,526,0.8,37.1
1752,0,532,0.8,37.2
1753,0,540,0.8,37.2
1754,0,583,0.8,37.4
1755,0,629,0.8,37.8
1756,0,660,0.8,38.5
1757,0,690,0.8,39.1
1758,0,697,0.8,39.7
1759,0,710,0.8,40.1
1760,0,711,0.8,40.4
1761,0,713,0.8,40.6
1762,0,720,0.8,40.7
1763,0,736,0.8,40.8
1764,0,750,0.8,41
1765,0,789,0.8,41.2
1766,0,806,0.8,41.7
1767,0,815,0.8,42.1
1768,0,816,0.8,42.4
1769,0,808,0.8,42.6
1770,0,804,0.8,42.6
1771,0,797,0.8,42.6
1772,0,776,0.8,42.5
1773,0,755,0.8,42.2
1774,0,728,0.8,41.9
1775,0,711,0.8,41.5
1776,0,670,0.8,41.1
1777,0,636,0.8,40.5
1778,0,581,0.8,39.9
1779,0,521,0.8,39.1
1780,0,489,0.8,38.1
1781,0,472,0.8,37.3
1782,0,464,0.8,36.7
1783,0,478,0.8,36.4
1784,0,497,0.8,36.3
1785,0,528,0.8,36.5
1786,0,579,0.8,36.9
1787,0,628,0.8,37.5
1788,0,660,0.8,38.3
1789,0,670,0.8,39.1
1790,0,682,0.8,39.5
1791,0,687,0.8,39.8
1792,0,706,0.8,40.1
1793,0,743,0.8,40.4
1794,0,780,0.8,40.8
1795,0,810,0.8,41.5
1796,0,818,0.8,42
1797,0,818,0.8,42.4
1798,0,817,0.8,42.6
1799,0,812,0.8,42.7
1800,0,807,0.8,42.7
1801,0,801,0.8,42.6
1802,0,790,0.8,42.5
1803,0,777,0.8,42.4
1804,0,748,0.8,42.2
1805,0,715,0.8,41.8
1806,0,679,0.8,41.3
1807,0,641,0.8,40.7
1808,0,596,0.8,40.1
1809,0,561,0.8,39.3
1810,0,512,0.8,38.6
1811,0,489,0.8,37.8
1812,0,498,0.8,37.1
1813,0,525,0.8,36.9
1814,0,553,0.8,37
1815,0,620,0.8,37.4
1816,0,668,0.8,38.2
1817,0,676,0.8,39.1
1818,0,686,0.8,39.6
1819,0,673,0.8,39.9
1820,0,691,0.8,40
1821,0,706,0.8,40.2
1822,0,744,0.8,40.4
1823,0,771,0.8,40.9
1824,0,800,0.8,41.4
1825,0,824,0.8,41.9
1826,0,825,0.8,42.4
1827,0,819,0.8,42.7
1828,0,817,0.8,42.7
1829,0,815,0.8,42.7
1830,0,815,0.8,42.7
1831,0,813,0.8,42.7
1832,0,809,0.8,42.7
1833,0,798,0.8,42.7
1834,0,778,0.8,42.5
1835,0,732,0.8,42.3
1836,0,684,0.8,41.7
1837,0,636,0.8,41
1838,0,561,0.8,40.1
1839,0,491,0.8,39
1840,0,427,0.8,37.8
1841,0,411,0.8,36.5
1842,0,428,0.8,35.8
1843,0,462,0.8,35.6
1844,0,524,0.8,35.8
1845,0,585,0.8,36.5
1846,0,649,0.8,37.4
1847,0,679,0.8,38.5
1848,0,697,0.8,39.3
1849,0,711,0.8,39.9
1850,0,724,0.8,40.3
1851,0,747,0.8,40.6
1852,0,774,0.8,41
1853,0,805,0.8,41.5
1854,0,817,0.8,42
1855,0,822,0.8,42.4
1856,0,820,0.8,42.6
1857,0,816,0.8,42.7
1858,0,816,0.8,42.7
1859,0,819,0.8,42.7
1860,0,822,0.8,42.8
1861,0,818,0.8,42.8
1862,0,810,0.8,42.8
1863,0,801,0.8,42.7
1864,0,783,0.8,42.6
1865,0,752,0.8,42.3
1866,0,703,0.8,41.9
1867,0,645,0.8,41.3
1868,0,575,0.8,40.4
1869,0,483,0.8,39.3
1870,0,412,0.8,37.8
1871,0,369,0.8,36.4
1872,0,362,0.8,35.3
1873,0,369,0.8,34.7
1874,0,420,0.8,34.4
1875,0,462,0.8,34.8
1876,0,519,0.8,35.4
1877,0,569,0.8,36.2
1878,0,624,0.8,37.1
1879,0,686,0.8,38.1
1880,0,750,0.8,39.2
1881,0,798,0.8,40.3
1882,0,816,0.8,41.4
1883,0,816,0.8,42.1
1884,0,812,0.8,42.4
1885,0,810,0.8,42.5
1886,0,813,0.8,42.6
1887,0,814,0.8,42.6
1888,0,815,0.8,42.7
1889,0,814,0.8,42.7
1890,0,816,0.8,42.7
1891,0,814,0.8,42.7
1892,0,808,0.8,42.7
1893,0,795,0.8,42.7
1894,0,783,0.8,42.5
1895,0,755,0.8,42.3
1896,0,718,0.8,41.9
1897,0,675,0.8,41.4
1898,0,604,0.8,40.7
1899,0,551,0.8,39.7
1900,0,506,0.8,38.7
1901,0,457,0.8,37.8
1902,0,428,0.8,36.8
1903,0,404,0.8,36.1
1904,0,401,0.8,35.5
1905,0,422,0.8,35.1
1906,0,480,0.8,35.2
1907,0,557,0.8,35.8
1908,0,612,0.8,36.8
1909,0,680,0.8,37.8
1910,0,713,0.8,39
1911,0,744,0.8,39.9
1912,0,786,0.8,40.6
1913,0,805,0.8,41.4
1914,0,810,0.8,42
1915,0,815,0.8,42.3
1916,0,819,0.8,42.5
1917,0,821,0.8,42.7
1918,0,821,0.8,42.7
1919,0,820,0.8,42.8
1920,0,820,0.8,42.8
1921,0,823,0.8,42.8
1922,0,819,0.8,42.8
1923,0,808,0.8,42.8
1924,0,784,0.8,42.7
1925,0,750,0.8,42.4
1926,0,717,0.8,42
1927,0,670,0.8,41.4
1928,0,611,0.8,40.7
1929,0,562,0.8,39.8
1930,0,502,0.8,38.8
1931,0,448,0.8,37.8
1932,0,424,0.8,36.7
1933,0,405,0.8,36
1934,0,421,0.8,35.4
1935,0,445,0.8,35.3
1936,0,458,0.8,35.5
1937,0,497,0.8,35.7
1938,0,554,0.8,36.2
1939,0,603,0.8,37
1940,0,662,0.8,37.8
1941,0,703,0.8,38.8
1942,0,734,0.8,39.7
1943,0,773,0.8,40.4
1944,0,809,0.8,41.2
1945,0,821,0.8,41.9
1946,0,820,0.8,42.4
1947,0,820,0.8,42.6
1948,0,819,0.8,42.7
1949,0,819,0.8,42.8
1950,0,816,0.8,42.8
1951,0,817,0.8,42.8
1952,0,812,0.8,42.8
1953,0,800,0.8,42.7
1954,0,773,0.8,42.6
1955,0,746,0.8,42.2
1956,0,714,0.8,41.8
1957,0,676,0.8,41.3
1958,0,622,0.8,40.7
1959,0,584,0.8,39.9
1960,0,560,0.8,39.1
1961,0,526,0.8,38.5
1962,0,499,0.8,37.8
1963,0,517,0.8,37.3
1964,0,508,0.8,37.1
1965,0,537,0.8,37
1966,0,566,0.8,37.2
1967,0,578,0.8,37.6
1968,0,586,0.8,37.9
1969,0,618,0.8,38.1
1970,0,670,0.8,38.5
1971,0,714,0.8,39.2
1972,0,749,0.8,40
1973,0,775,0.8,40.7
1974,0,804,0.8,41.4
1975,0,827,0.8,41.9
1976,0,827,0.8,42.4
1977,0,826,0.8,42.7
1978,0,826,0.8,42.8
1979,0,825,0.8,42.9
1980,0,821,0.8,42.9
1981,0,811,0.8,42.9
1982,0,796,0.8,42.8
1983,0,783,0.8,42.6
1984,0,755,0.8,42.3
1985,0,731,0.8,42
1986,0,693,0.8,41.5
1987,0,641,0.8,41
1988,0,583,0.8,40.2
1989,0,534,0.8,39.2
1990,0,481,0.8,38.3
1991,0,454,0.8,37.3
1992,0,460,0.8,36.6
1993,0,467,0.8,36.3
1994,0,478,0.8,36.2
1995,0,486,0.8,36.2
1996,0,523,0.8,36.3
1997,0,571,0.8,36.7
1998,0,609,0.8,37.4
1999,0,661,0.8,38.1
