Experiment Parameter is: scenario:our-solar-luminosity, solar-luminosity = 1.0, albedo-of-surface = 0.4, start-%-whites = 20, albedo-of-whites = 0.75, start-%-blacks = 20, albedo-of-blacks = 0.25, total ticks = 1221, start-male-rabbits = 150, start-female-rabbits = 200.
tick,num-white-daisy,num-black-daisy,luminosity,global-temperature,num-male-rabbits,num-female-rabbits
    0,  168,  168,1.000,  0.0,  150,  200
    1,  107,  142,1.000, 25.4,  135,  182
    2,  156,  133,1.000, 31.6,  128,  174
    3,  235,  120,1.000, 32.9,  125,  174
    4,  337,  114,1.000, 30.4,  132,  178
    5,  434,  127,1.000, 25.3,  138,  171
    6,  500,  160,1.000, 19.2,  142,  164
    7,  544,  181,1.000, 14.0,  147,  152
    8,  546,  219,1.000, 10.0,  156,  162
    9,  517,  248,1.000,  8.2,  154,  153
   10,  492,  270,1.000,  8.7,  165,  155
   11,  461,  291,1.000, 10.1,  165,  155
   12,  444,  315,1.000, 12.2,  164,  147
   13,  426,  331,1.000, 14.1,  172,  167
   14,  411,  346,1.000, 15.8,  185,  176
   15,  397,  363,1.000, 17.4,  199,  184
   16,  374,  378,1.000, 18.9,  211,  204
   17,  362,  394,1.000, 20.7,  215,  213
   18,  368,  406,1.000, 22.1,  219,  233
   19,  356,  395,1.000, 22.8,  234,  253
   20,  357,  399,1.000, 23.4,  245,  268
   21,  366,  378,1.000, 23.8,  262,  284
   22,  374,  371,1.000, 23.4,  279,  304
   23,  376,  371,1.000, 22.8,  294,  320
   24,  371,  372,1.000, 22.5,  314,  333
   25,  371,  360,1.000, 22.5,  333,  348
   26,  353,  385,1.000, 22.4,  345,  370
   27,  339,  379,1.000, 23.3,  353,  368
   28,  342,  389,1.000, 24.2,  370,  373
   29,  354,  387,1.000, 24.6,  386,  365
   30,  354,  391,1.000, 24.3,  395,  372
   31,  337,  390,1.000, 24.2,  412,  355
   32,  366,  388,1.000, 24.8,  410,  355
   33,  367,  368,1.000, 24.0,  405,  351
   34,  368,  373,1.000, 23.4,  395,  346
   35,  371,  380,1.000, 23.1,  395,  338
   36,  368,  361,1.000, 22.9,  382,  339
   37,  376,  360,1.000, 22.7,  376,  337
   38,  380,  360,1.000, 22.3,  381,  334
   39,  370,  357,1.000, 22.0,  375,  325
   40,  378,  358,1.000, 22.1,  361,  353
   41,  367,  367,1.000, 21.9,  353,  366
   42,  371,  370,1.000, 22.3,  356,  372
   43,  367,  368,1.000, 22.4,  348,  384
   44,  368,  364,1.000, 22.6,  350,  400
   45,  350,  377,1.000, 22.6,  346,  411
   46,  354,  390,1.000, 23.4,  353,  413
   47,  359,  378,1.000, 23.8,  355,  415
   48,  361,  384,1.000, 23.6,  355,  406
   49,  371,  374,1.000, 23.6,  348,  400
   50,  361,  367,1.000, 23.1,  338,  399
   51,  376,  363,1.000, 23.1,  335,  399
   52,  378,  351,1.000, 22.5,  355,  384
   53,  384,  358,1.000, 22.1,  356,  376
   54,  381,  341,1.000, 21.7,  355,  386
   55,  361,  362,1.000, 21.4,  361,  383
   56,  363,  358,1.000, 22.3,  363,  372
   57,  369,  364,1.000, 22.6,  371,  367
   58,  365,  368,1.000, 22.5,  368,  362
   59,  370,  384,1.000, 22.7,  380,  362
   60,  351,  376,1.000, 22.8,  386,  368
   61,  335,  396,1.000, 23.4,  389,  369
   62,  346,  382,1.000, 24.6,  377,  363
   63,  361,  396,1.000, 24.6,  377,  341
   64,  362,  383,1.000, 24.1,  364,  348
   65,  367,  362,1.000, 23.8,  353,  342
   66,  382,  365,1.000, 23.2,  359,  331
   67,  365,  369,1.000, 22.4,  359,  326
   68,  347,  373,1.000, 22.6,  363,  322
   69,  356,  379,1.000, 23.5,  368,  326
   70,  356,  360,1.000, 23.6,  356,  341
   71,  377,  353,1.000, 23.5,  351,  341
   72,  377,  363,1.000, 22.6,  349,  342
   73,  374,  354,1.000, 22.3,  355,  347
   74,  369,  363,1.000, 22.1,  362,  358
   75,  360,  365,1.000, 22.3,  367,  366
   76,  353,  388,1.000, 22.8,  369,  369
   77,  349,  392,1.000, 23.5,  370,  379
   78,  358,  374,1.000, 24.0,  364,  377
   79,  366,  376,1.000, 23.8,  354,  381
   80,  376,  362,1.000, 23.4,  347,  387
   81,  357,  377,1.000, 22.7,  350,  381
   82,  353,  394,1.000, 23.2,  348,  389
   83,  345,  379,1.000, 23.7,  343,  380
   84,  331,  395,1.000, 24.2,  347,  381
   85,  348,  374,1.000, 25.1,  334,  385
   86,  360,  375,1.000, 24.7,  327,  384
   87,  367,  358,1.000, 24.0,  327,  384
   88,  381,  366,1.000, 23.3,  339,  382
   89,  363,  357,1.000, 22.5,  340,  392
   90,  373,  359,1.000, 22.7,  332,  392
   91,  374,  368,1.000, 22.4,  343,  404
   92,  368,  355,1.000, 22.3,  342,  396
   93,  378,  361,1.000, 22.4,  341,  401
   94,  388,  357,1.000, 22.1,  365,  399
   95,  365,  363,1.000, 21.5,  367,  396
   96,  371,  366,1.000, 22.2,  374,  396
   97,  360,  378,1.000, 22.3,  378,  378
   98,  352,  391,1.000, 22.9,  378,  378
   99,  357,  387,1.000, 23.6,  370,  373
  100,  356,  383,1.000, 23.7,  373,  364
  101,  365,  382,1.000, 23.8,  381,  349
  102,  352,  386,1.000, 23.5,  377,  338
  103,  362,  379,1.000, 23.8,  374,  329
  104,  362,  368,1.000, 23.6,  381,  316
  105,  376,  368,1.000, 23.4,  382,  307
  106,  361,  358,1.000, 22.7,  369,  304
  107,  366,  373,1.000, 22.9,  370,  318
  108,  357,  367,1.000, 22.9,  374,  312
  109,  355,  380,1.000, 23.2,  378,  321
  110,  344,  385,1.000, 23.5,  390,  338
  111,  342,  384,1.000, 24.2,  387,  332
  112,  359,  384,1.000, 24.5,  392,  341
  113,  349,  383,1.000, 24.1,  398,  338
  114,  356,  375,1.000, 24.2,  405,  342
  115,  362,  364,1.000, 24.0,  391,  351
  116,  369,  372,1.000, 23.5,  385,  357
  117,  372,  361,1.000, 23.1,  374,  363
  118,  384,  370,1.000, 22.7,  382,  361
  119,  372,  343,1.000, 22.1,  381,  353
  120,  375,  359,1.000, 22.0,  389,  350
  121,  353,  373,1.000, 22.0,  377,  338
  122,  368,  377,1.000, 22.9,  378,  345
  123,  377,  362,1.000, 22.9,  376,  356
  124,  377,  358,1.000, 22.4,  378,  360
  125,  373,  352,1.000, 22.1,  381,  361
  126,  377,  369,1.000, 22.0,  381,  368
  127,  373,  352,1.000, 22.0,  388,  362
  128,  376,  369,1.000, 22.0,  393,  356
  129,  364,  373,1.000, 22.0,  387,  363
  130,  360,  377,1.000, 22.6,  379,  358
  131,  373,  377,1.000, 23.0,  372,  364
  132,  372,  364,1.000, 22.7,  366,  374
  133,  348,  371,1.000, 22.5,  359,  383
  134,  359,  380,1.000, 23.4,  358,  359
  135,  350,  375,1.000, 23.5,  362,  357
  136,  371,  366,1.000, 23.8,  343,  359
  137,  375,  362,1.000, 23.1,  337,  368
  138,  371,  363,1.000, 22.6,  335,  376
  139,  360,  369,1.000, 22.5,  343,  389
  140,  354,  362,1.000, 22.9,  342,  398
  141,  362,  378,1.000, 23.2,  355,  394
  142,  353,  382,1.000, 23.3,  352,  403
  143,  349,  379,1.000, 23.7,  353,  392
  144,  355,  390,1.000, 24.0,  354,  390
  145,  357,  396,1.000, 24.0,  362,  395
  146,  348,  384,1.000, 24.0,  353,  392
  147,  359,  389,1.000, 24.2,  351,  393
  148,  360,  389,1.000, 24.0,  357,  382
  149,  351,  379,1.000, 23.8,  353,  364
  150,  374,  366,1.000, 24.0,  364,  368
  151,  369,  352,1.000, 23.1,  358,  366
  152,  377,  360,1.000, 22.7,  364,  360
  153,  371,  352,1.000, 22.3,  363,  367
  154,  357,  378,1.000, 22.2,  370,  360
  155,  347,  393,1.000, 22.9,  372,  371
  156,  326,  394,1.000, 23.8,  364,  378
  157,  334,  417,1.000, 25.1,  377,  370
  158,  339,  392,1.000, 25.6,  373,  370
  159,  356,  388,1.000, 25.5,  369,  378
  160,  368,  377,1.000, 24.7,  358,  390
  161,  357,  380,1.000, 23.8,  352,  394
  162,  366,  363,1.000, 23.7,  343,  386
  163,  361,  389,1.000, 23.2,  347,  391
  164,  343,  387,1.000, 23.4,  352,  391
  165,  333,  383,1.000, 24.2,  359,  391
  166,  345,  384,1.000, 24.9,  355,  386
  167,  368,  372,1.000, 24.8,  356,  393
  168,  376,  366,1.000, 23.8,  355,  390
  169,  379,  367,1.000, 22.9,  359,  400
  170,  371,  360,1.000, 22.4,  368,  406
  171,  364,  372,1.000, 22.3,  372,  402
  172,  368,  375,1.000, 22.7,  376,  389
  173,  368,  378,1.000, 22.7,  367,  378
  174,  366,  386,1.000, 22.8,  377,  356
  175,  348,  379,1.000, 23.0,  362,  359
  176,  352,  390,1.000, 23.7,  343,  361
  177,  344,  399,1.000, 24.0,  334,  357
  178,  341,  407,1.000, 24.5,  334,  369
  179,  332,  388,1.000, 25.0,  337,  355
  180,  348,  396,1.000, 25.4,  335,  345
  181,  338,  385,1.000, 25.0,  334,  337
  182,  345,  385,1.000, 25.1,  347,  328
  183,  360,  371,1.000, 24.9,  355,  331
  184,  372,  363,1.000, 24.1,  368,  330
  185,  355,  361,1.000, 23.2,  372,  345
  186,  367,  370,1.000, 23.4,  369,  346
  187,  349,  377,1.000, 23.1,  364,  347
  188,  352,  390,1.000, 23.7,  363,  350
  189,  354,  380,1.000, 24.0,  364,  346
  190,  362,  374,1.000, 24.0,  367,  339
  191,  359,  371,1.000, 23.6,  374,  336
  192,  357,  378,1.000, 23.5,  367,  347
  193,  366,  371,1.000, 23.6,  366,  346
  194,  360,  371,1.000, 23.2,  357,  355
  195,  358,  382,1.000, 23.3,  358,  352
  196,  359,  361,1.000, 23.5,  359,  359
  197,  359,  364,1.000, 23.3,  371,  362
  198,  358,  368,1.000, 23.3,  375,  357
  199,  378,  360,1.000, 23.4,  395,  347
  200,  381,  347,1.000, 22.6,  390,  346
  201,  385,  366,1.000, 21.9,  393,  347
  202,  378,  360,1.000, 21.6,  395,  341
  203,  358,  376,1.000, 21.7,  389,  350
  204,  354,  392,1.000, 22.6,  384,  358
  205,  349,  393,1.000, 23.4,  377,  361
  206,  340,  390,1.000, 24.0,  379,  354
  207,  344,  385,1.000, 24.6,  376,  368
  208,  356,  377,1.000, 24.7,  364,  361
  209,  350,  389,1.000, 24.2,  359,  370
  210,  353,  381,1.000, 24.3,  353,  379
  211,  367,  373,1.000, 24.2,  351,  389
  212,  354,  370,1.000, 23.5,  361,  392
  213,  362,  375,1.000, 23.6,  364,  383
  214,  376,  362,1.000, 23.4,  369,  390
  215,  372,  361,1.000, 22.7,  383,  381
  216,  374,  349,1.000, 22.5,  382,  377
  217,  376,  366,1.000, 22.2,  376,  376
  218,  379,  368,1.000, 22.1,  372,  369
  219,  364,  371,1.000, 22.0,  368,  358
  220,  374,  379,1.000, 22.5,  378,  357
  221,  355,  384,1.000, 22.5,  370,  341
  222,  339,  399,1.000, 23.2,  373,  339
  223,  343,  395,1.000, 24.3,  360,  331
  224,  349,  393,1.000, 24.7,  366,  336
  225,  340,  377,1.000, 24.6,  356,  335
  226,  360,  380,1.000, 24.8,  353,  331
  227,  371,  370,1.000, 24.1,  358,  320
  228,  376,  353,1.000, 23.3,  355,  320
  229,  375,  368,1.000, 22.5,  364,  327
  230,  353,  369,1.000, 22.3,  376,  330
  231,  351,  374,1.000, 23.1,  375,  328
  232,  355,  363,1.000, 23.6,  370,  320
  233,  363,  372,1.000, 23.6,  373,  319
  234,  361,  370,1.000, 23.3,  372,  307
  235,  354,  376,1.000, 23.3,  379,  322
  236,  342,  391,1.000, 23.6,  371,  314
  237,  340,  392,1.000, 24.3,  384,  319
  238,  332,  388,1.000, 24.8,  376,  327
  239,  353,  376,1.000, 25.3,  376,  336
  240,  371,  357,1.000, 24.6,  367,  341
  241,  384,  355,1.000, 23.4,  355,  346
  242,  393,  349,1.000, 22.3,  353,  349
  243,  385,  352,1.000, 21.4,  355,  347
  244,  370,  360,1.000, 21.2,  365,  353
  245,  371,  360,1.000, 21.8,  360,  350
  246,  379,  372,1.000, 22.0,  359,  354
  247,  372,  366,1.000, 22.0,  353,  361
  248,  352,  365,1.000, 22.2,  357,  368
  249,  349,  380,1.000, 23.0,  357,  371
  250,  353,  381,1.000, 23.7,  360,  373
  251,  348,  391,1.000, 23.8,  369,  381
  252,  339,  378,1.000, 24.2,  378,  372
  253,  358,  376,1.000, 24.6,  377,  366
  254,  345,  389,1.000, 24.1,  379,  374
  255,  347,  375,1.000, 24.4,  378,  365
  256,  371,  379,1.000, 24.4,  380,  369
  257,  369,  365,1.000, 23.5,  375,  375
  258,  374,  366,1.000, 23.0,  381,  361
  259,  388,  361,1.000, 22.6,  383,  371
  260,  362,  353,1.000, 21.8,  379,  366
  261,  361,  372,1.000, 22.3,  379,  353
  262,  353,  382,1.000, 22.8,  373,  344
  263,  359,  383,1.000, 23.4,  372,  338
  264,  365,  366,1.000, 23.5,  366,  353
  265,  365,  354,1.000, 23.2,  369,  342
  266,  366,  376,1.000, 22.9,  356,  342
  267,  354,  385,1.000, 22.9,  357,  347
  268,  350,  370,1.000, 23.5,  357,  358
  269,  358,  370,1.000, 23.8,  355,  357
  270,  358,  369,1.000, 23.6,  364,  360
  271,  357,  366,1.000, 23.5,  368,  361
  272,  360,  366,1.000, 23.5,  378,  370
  273,  371,  365,1.000, 23.4,  366,  372
  274,  370,  368,1.000, 22.9,  372,  380
  275,  361,  371,1.000, 22.7,  382,  373
  276,  351,  393,1.000, 23.0,  382,  369
  277,  358,  388,1.000, 23.7,  385,  372
  278,  363,  375,1.000, 23.7,  384,  365
  279,  364,  382,1.000, 23.5,  381,  362
  280,  373,  375,1.000, 23.3,  385,  348
  281,  363,  380,1.000, 22.9,  378,  357
  282,  360,  369,1.000, 23.1,  369,  343
  283,  356,  393,1.000, 23.2,  362,  356
  284,  347,  364,1.000, 23.6,  369,  355
  285,  359,  368,1.000, 23.9,  382,  339
  286,  367,  360,1.000, 23.6,  367,  352
  287,  392,  362,1.000, 23.1,  356,  368
  288,  371,  356,1.000, 21.9,  361,  381
  289,  364,  369,1.000, 22.1,  366,  385
  290,  361,  367,1.000, 22.5,  367,  387
  291,  357,  388,1.000, 22.9,  364,  395
  292,  352,  395,1.000, 23.4,  370,  387
  293,  350,  390,1.000, 23.9,  373,  383
  294,  363,  383,1.000, 24.2,  372,  386
  295,  363,  383,1.000, 23.7,  363,  377
  296,  371,  368,1.000, 23.5,  359,  379
  297,  380,  370,1.000, 23.0,  359,  382
  298,  362,  359,1.000, 22.4,  367,  383
  299,  356,  373,1.000, 22.7,  374,  371
  300,  356,  363,1.000, 23.2,  374,  380
  301,  356,  379,1.000, 23.3,  385,  371
  302,  361,  379,1.000, 23.5,  382,  370
  303,  358,  379,1.000, 23.5,  379,  375
  304,  369,  381,1.000, 23.6,  374,  371
  305,  361,  380,1.000, 23.2,  379,  379
  306,  353,  382,1.000, 23.3,  382,  381
  307,  350,  396,1.000, 23.7,  394,  371
  308,  345,  395,1.000, 24.1,  387,  362
  309,  349,  402,1.000, 24.5,  380,  356
  310,  350,  394,1.000, 24.6,  378,  343
  311,  354,  383,1.000, 24.6,  376,  347
  312,  361,  367,1.000, 24.3,  366,  349
  313,  380,  360,1.000, 23.7,  360,  358
  314,  371,  352,1.000, 22.7,  361,  354
  315,  388,  352,1.000, 22.4,  361,  362
  316,  366,  347,1.000, 21.6,  362,  357
  317,  369,  366,1.000, 22.0,  352,  358
  318,  363,  371,1.000, 22.3,  357,  367
  319,  366,  376,1.000, 22.7,  355,  379
  320,  351,  377,1.000, 22.8,  357,  397
  321,  355,  383,1.000, 23.5,  360,  394
  322,  359,  390,1.000, 23.7,  361,  390
  323,  353,  386,1.000, 23.7,  364,  390
  324,  344,  385,1.000, 23.9,  360,  385
  325,  359,  387,1.000, 24.4,  365,  374
  326,  355,  378,1.000, 24.0,  361,  376
  327,  361,  375,1.000, 23.9,  357,  374
  328,  362,  379,1.000, 23.6,  370,  361
  329,  350,  369,1.000, 23.5,  368,  352
  330,  371,  369,1.000, 23.8,  357,  353
  331,  365,  370,1.000, 23.1,  372,  335
  332,  343,  376,1.000, 23.0,  379,  335
  333,  360,  379,1.000, 23.9,  382,  342
  334,  352,  373,1.000, 23.7,  376,  351
  335,  343,  383,1.000, 23.8,  377,  348
  336,  357,  382,1.000, 24.3,  381,  345
  337,  357,  370,1.000, 24.0,  372,  351
  338,  372,  367,1.000, 23.8,  369,  348
  339,  378,  361,1.000, 23.1,  374,  347
  340,  374,  356,1.000, 22.4,  366,  354
  341,  366,  366,1.000, 22.2,  371,  355
  342,  364,  366,1.000, 22.5,  366,  349
  343,  355,  389,1.000, 22.7,  377,  361
  344,  337,  399,1.000, 23.4,  362,  363
  345,  344,  398,1.000, 24.5,  366,  363
  346,  336,  386,1.000, 24.8,  371,  354
  347,  356,  385,1.000, 25.1,  370,  357
  348,  339,  389,1.000, 24.5,  385,  356
  349,  355,  373,1.000, 24.9,  385,  362
  350,  360,  382,1.000, 24.3,  385,  364
  351,  357,  376,1.000, 23.9,  379,  363
  352,  350,  390,1.000, 23.8,  379,  363
  353,  350,  380,1.000, 24.1,  377,  369
  354,  351,  383,1.000, 24.2,  373,  363
  355,  367,  374,1.000, 24.2,  379,  359
  356,  371,  363,1.000, 23.5,  383,  342
  357,  381,  367,1.000, 22.9,  383,  338
  358,  364,  355,1.000, 22.3,  370,  340
  359,  384,  360,1.000, 22.5,  366,  338
  360,  387,  358,1.000, 21.9,  371,  350
  361,  376,  340,1.000, 21.5,  380,  348
  362,  382,  350,1.000, 21.5,  384,  353
  363,  380,  347,1.000, 21.4,  377,  356
  364,  358,  383,1.000, 21.4,  386,  347
  365,  356,  379,1.000, 22.5,  381,  346
  366,  362,  384,1.000, 23.2,  382,  352
  367,  345,  390,1.000, 23.3,  387,  355
  368,  341,  396,1.000, 24.1,  384,  369
  369,  332,  392,1.000, 24.6,  398,  366
  370,  343,  392,1.000, 25.2,  393,  346
  371,  372,  383,1.000, 25.1,  384,  345
  372,  374,  369,1.000, 23.9,  385,  339
  373,  374,  371,1.000, 23.1,  377,  335
  374,  363,  370,1.000, 22.7,  386,  333
  375,  357,  368,1.000, 22.9,  382,  351
  376,  348,  384,1.000, 23.2,  367,  357
  377,  336,  391,1.000, 23.8,  369,  362
  378,  343,  401,1.000, 24.7,  357,  368
  379,  330,  392,1.000, 24.9,  368,  361
  380,  340,  402,1.000, 25.4,  363,  355
  381,  349,  401,1.000, 25.4,  360,  353
  382,  348,  389,1.000, 25.1,  357,  373
  383,  337,  393,1.000, 24.8,  362,  378
  384,  334,  389,1.000, 25.1,  361,  384
  385,  328,  396,1.000, 25.4,  357,  379
  386,  341,  395,1.000, 25.8,  349,  378
  387,  339,  377,1.000, 25.5,  360,  372
  388,  339,  394,1.000, 25.3,  358,  363
  389,  347,  385,1.000, 25.3,  363,  358
  390,  365,  380,1.000, 24.9,  358,  355
  391,  360,  377,1.000, 24.0,  346,  373
  392,  347,  385,1.000, 23.7,  340,  375
  393,  342,  392,1.000, 24.2,  347,  387
  394,  347,  369,1.000, 24.6,  348,  385
  395,  360,  381,1.000, 24.4,  347,  375
  396,  366,  368,1.000, 24.0,  354,  380
  397,  357,  369,1.000, 23.4,  353,  385
  398,  359,  376,1.000, 23.5,  354,  379
  399,  367,  367,1.000, 23.5,  373,  374
  400,  375,  357,1.000, 23.1,  376,  373
  401,  373,  367,1.000, 22.5,  383,  378
  402,  356,  366,1.000, 22.4,  381,  366
  403,  367,  382,1.000, 23.0,  379,  357
  404,  357,  376,1.000, 23.0,  383,  349
  405,  366,  373,1.000, 23.3,  382,  347
  406,  358,  372,1.000, 23.1,  375,  357
  407,  371,  374,1.000, 23.3,  364,  348
  408,  364,  375,1.000, 22.9,  363,  343
  409,  361,  378,1.000, 23.0,  369,  349
  410,  345,  374,1.000, 23.2,  364,  357
  411,  365,  368,1.000, 23.9,  350,  370
  412,  369,  357,1.000, 23.4,  346,  374
  413,  355,  362,1.000, 22.9,  354,  371
  414,  368,  378,1.000, 23.2,  358,  375
  415,  372,  358,1.000, 23.0,  371,  372
  416,  366,  361,1.000, 22.6,  370,  388
  417,  366,  368,1.000, 22.6,  366,  383
  418,  367,  357,1.000, 22.7,  374,  392
  419,  373,  366,1.000, 22.6,  362,  399
  420,  377,  365,1.000, 22.4,  361,  387
  421,  376,  367,1.000, 22.2,  366,  383
  422,  366,  372,1.000, 22.1,  384,  379
  423,  368,  377,1.000, 22.5,  380,  372
  424,  354,  383,1.000, 22.7,  386,  370
  425,  354,  388,1.000, 23.3,  375,  367
  426,  356,  388,1.000, 23.7,  373,  366
  427,  347,  386,1.000, 23.8,  371,  360
  428,  345,  393,1.000, 24.2,  369,  350
  429,  358,  396,1.000, 24.5,  379,  347
  430,  348,  372,1.000, 24.2,  385,  342
  431,  351,  379,1.000, 24.2,  382,  340
  432,  349,  385,1.000, 24.2,  377,  334
  433,  354,  397,1.000, 24.3,  371,  339
  434,  351,  377,1.000, 24.3,  364,  344
  435,  363,  371,1.000, 24.2,  362,  356
  436,  351,  380,1.000, 23.7,  356,  356
  437,  346,  376,1.000, 23.9,  355,  357
  438,  355,  376,1.000, 24.2,  356,  361
  439,  365,  380,1.000, 24.0,  352,  368
  440,  363,  382,1.000, 23.6,  348,  378
  441,  358,  371,1.000, 23.4,  366,  380
  442,  346,  375,1.000, 23.5,  371,  386
  443,  347,  380,1.000, 24.0,  377,  395
  444,  363,  378,1.000, 24.2,  380,  381
  445,  370,  372,1.000, 23.7,  374,  387
  446,  380,  359,1.000, 23.2,  362,  373
  447,  395,  357,1.000, 22.4,  358,  359
  448,  387,  347,1.000, 21.4,  367,  354
  449,  392,  352,1.000, 21.1,  367,  348
  450,  394,  360,1.000, 20.8,  370,  345
  451,  367,  354,1.000, 20.7,  369,  345
  452,  353,  378,1.000, 21.6,  380,  337
  453,  329,  394,1.000, 22.8,  358,  326
  454,  338,  391,1.000, 24.4,  349,  337
  455,  354,  375,1.000, 24.9,  354,  341
  456,  368,  381,1.000, 24.4,  353,  348
  457,  350,  379,1.000, 23.6,  367,  345
  458,  346,  381,1.000, 23.9,  373,  351
  459,  344,  391,1.000, 24.3,  376,  355
  460,  349,  385,1.000, 24.6,  373,  355
  461,  355,  379,1.000, 24.5,  382,  358
  462,  356,  379,1.000, 24.2,  382,  346
  463,  355,  385,1.000, 24.0,  374,  345
  464,  342,  390,1.000, 24.0,  365,  354
  465,  344,  389,1.000, 24.5,  358,  356
  466,  351,  385,1.000, 24.7,  367,  351
  467,  348,  374,1.000, 24.5,  364,  350
  468,  351,  376,1.000, 24.4,  361,  358
  469,  367,  370,1.000, 24.2,  364,  363
  470,  359,  378,1.000, 23.5,  366,  363
  471,  350,  377,1.000, 23.5,  362,  377
  472,  368,  368,1.000, 23.9,  368,  384
  473,  361,  365,1.000, 23.3,  359,  390
  474,  360,  377,1.000, 23.2,  354,  402
  475,  363,  378,1.000, 23.3,  364,  396
  476,  359,  368,1.000, 23.3,  369,  390
  477,  367,  373,1.000, 23.3,  376,  376
  478,  374,  373,1.000, 23.1,  383,  371
  479,  362,  374,1.000, 22.7,  377,  381
  480,  367,  382,1.000, 23.0,  363,  378
  481,  365,  382,1.000, 23.0,  356,  374
  482,  355,  389,1.000, 23.1,  351,  376
  483,  349,  374,1.000, 23.6,  342,  376
  484,  357,  400,1.000, 23.9,  362,  381
  485,  347,  365,1.000, 24.0,  364,  383
  486,  347,  375,1.000, 24.1,  366,  378
  487,  370,  375,1.000, 24.2,  371,  373
  488,  366,  371,1.000, 23.4,  369,  380
  489,  379,  363,1.000, 23.2,  367,  370
  490,  376,  371,1.000, 22.5,  361,  371
  491,  382,  364,1.000, 22.3,  377,  366
  492,  367,  370,1.000, 21.9,  381,  365
  493,  357,  390,1.000, 22.3,  391,  355
  494,  348,  385,1.000, 23.1,  405,  346
  495,  340,  388,1.000, 23.8,  412,  336
  496,  339,  402,1.000, 24.5,  399,  324
  497,  339,  399,1.000, 25.0,  396,  331
  498,  351,  384,1.000, 25.2,  394,  323
  499,  358,  376,1.000, 24.7,  393,  321
  500,  360,  388,1.000, 24.2,  398,  322
  501,  357,  378,1.000, 23.9,  395,  325
  502,  362,  382,1.000, 23.8,  386,  321
  503,  365,  380,1.000, 23.6,  373,  325
  504,  370,  367,1.000, 23.4,  372,  332
  505,  371,  361,1.000, 22.9,  368,  346
  506,  364,  365,1.000, 22.6,  368,  364
  507,  349,  367,1.000, 22.8,  375,  366
  508,  352,  377,1.000, 23.4,  369,  358
  509,  348,  377,1.000, 23.7,  369,  359
  510,  365,  384,1.000, 24.0,  372,  371
  511,  351,  366,1.000, 23.6,  364,  368
  512,  367,  388,1.000, 23.8,  370,  384
  513,  350,  376,1.000, 23.4,  381,  387
  514,  349,  385,1.000, 23.8,  379,  365
  515,  365,  381,1.000, 24.1,  382,  373
  516,  368,  377,1.000, 23.6,  383,  372
  517,  353,  388,1.000, 23.2,  371,  361
  518,  344,  397,1.000, 23.7,  367,  363
  519,  346,  382,1.000, 24.4,  367,  360
  520,  361,  380,1.000, 24.5,  363,  365
  521,  355,  370,1.000, 23.9,  371,  360
  522,  360,  376,1.000, 23.8,  364,  359
  523,  365,  358,1.000, 23.6,  360,  368
  524,  373,  369,1.000, 23.2,  347,  374
  525,  377,  360,1.000, 22.7,  359,  385
  526,  360,  373,1.000, 22.3,  372,  385
  527,  354,  381,1.000, 22.8,  374,  383
  528,  347,  386,1.000, 23.4,  370,  395
  529,  352,  383,1.000, 24.0,  372,  373
  530,  372,  396,1.000, 24.1,  370,  360
  531,  355,  377,1.000, 23.5,  370,  354
  532,  371,  369,1.000, 23.7,  364,  355
  533,  376,  360,1.000, 23.1,  377,  359
  534,  378,  353,1.000, 22.5,  367,  359
  535,  377,  367,1.000, 22.1,  375,  340
  536,  368,  372,1.000, 22.0,  368,  334
  537,  363,  361,1.000, 22.4,  376,  340
  538,  358,  355,1.000, 22.6,  368,  355
  539,  360,  368,1.000, 22.9,  360,  354
  540,  375,  374,1.000, 23.1,  365,  371
  541,  359,  363,1.000, 22.7,  360,  394
  542,  356,  382,1.000, 23.0,  361,  401
  543,  354,  381,1.000, 23.4,  361,  403
  544,  363,  370,1.000, 23.7,  364,  401
  545,  363,  384,1.000, 23.4,  364,  396
  546,  356,  391,1.000, 23.4,  361,  400
  547,  354,  387,1.000, 23.7,  362,  401
  548,  353,  384,1.000, 23.9,  351,  384
  549,  377,  379,1.000, 24.0,  342,  384
  550,  371,  366,1.000, 23.1,  355,  379
  551,  352,  375,1.000, 22.8,  355,  380
  552,  339,  387,1.000, 23.4,  356,  369
  553,  348,  383,1.000, 24.3,  364,  364
  554,  363,  365,1.000, 24.4,  367,  370
  555,  356,  355,1.000, 23.7,  366,  374
  556,  378,  367,1.000, 23.5,  358,  378
  557,  373,  369,1.000, 22.7,  359,  376
  558,  375,  376,1.000, 22.5,  373,  384
  559,  360,  372,1.000, 22.4,  378,  392
  560,  358,  386,1.000, 22.9,  384,  382
  561,  357,  382,1.000, 23.3,  386,  370
  562,  356,  383,1.000, 23.5,  369,  364
  563,  349,  396,1.000, 23.7,  377,  360
  564,  359,  376,1.000, 24.2,  372,  356
  565,  352,  378,1.000, 23.8,  367,  354
  566,  345,  397,1.000, 23.9,  362,  355
  567,  349,  387,1.000, 24.4,  358,  351
  568,  361,  367,1.000, 24.5,  370,  345
  569,  364,  363,1.000, 23.8,  361,  350
  570,  381,  363,1.000, 23.3,  367,  344
  571,  368,  365,1.000, 22.5,  361,  357
  572,  362,  368,1.000, 22.5,  368,  375
  573,  351,  367,1.000, 22.8,  369,  377
  574,  363,  382,1.000, 23.4,  374,  373
  575,  357,  383,1.000, 23.3,  369,  379
  576,  347,  389,1.000, 23.6,  369,  388
  577,  338,  390,1.000, 24.1,  366,  386
  578,  367,  379,1.000, 24.7,  373,  371
  579,  365,  379,1.000, 23.8,  362,  376
  580,  364,  374,1.000, 23.5,  357,  374
  581,  357,  382,1.000, 23.3,  367,  365
  582,  339,  388,1.000, 23.5,  363,  364
  583,  347,  386,1.000, 24.4,  367,  355
  584,  359,  368,1.000, 24.5,  372,  359
  585,  367,  364,1.000, 23.9,  353,  356
  586,  384,  369,1.000, 23.3,  358,  366
  587,  364,  362,1.000, 22.4,  358,  370
  588,  366,  372,1.000, 22.6,  360,  361
  589,  372,  364,1.000, 22.8,  373,  371
  590,  368,  367,1.000, 22.5,  356,  364
  591,  379,  366,1.000, 22.6,  362,  372
  592,  369,  373,1.000, 22.2,  354,  377
  593,  359,  370,1.000, 22.4,  353,  377
  594,  360,  382,1.000, 22.9,  349,  379
  595,  356,  374,1.000, 23.2,  355,  379
  596,  349,  375,1.000, 23.5,  359,  386
  597,  365,  371,1.000, 23.8,  362,  369
  598,  365,  381,1.000, 23.4,  362,  367
  599,  355,  381,1.000, 23.3,  369,  360
  600,  371,  373,1.000, 23.6,  354,  364
  601,  367,  374,1.000, 23.1,  370,  363
  602,  367,  355,1.000, 23.0,  373,  365
  603,  368,  368,1.000, 22.7,  381,  353
  604,  379,  375,1.000, 22.7,  384,  343
  605,  368,  367,1.000, 22.3,  389,  343
  606,  359,  378,1.000, 22.5,  376,  339
  607,  365,  376,1.000, 23.0,  366,  332
  608,  361,  380,1.000, 23.0,  383,  319
  609,  364,  375,1.000, 23.2,  374,  322
  610,  352,  385,1.000, 23.2,  382,  318
  611,  349,  384,1.000, 23.7,  381,  327
  612,  348,  368,1.000, 24.0,  368,  321
  613,  368,  383,1.000, 24.1,  374,  321
  614,  364,  368,1.000, 23.5,  361,  329
  615,  365,  377,1.000, 23.2,  357,  351
  616,  355,  372,1.000, 23.2,  350,  365
  617,  362,  364,1.000, 23.4,  353,  377
  618,  381,  354,1.000, 23.2,  364,  382
  619,  361,  369,1.000, 22.3,  369,  394
  620,  351,  382,1.000, 22.8,  362,  407
  621,  354,  379,1.000, 23.5,  356,  408
  622,  359,  385,1.000, 23.7,  361,  401
  623,  362,  376,1.000, 23.7,  373,  397
  624,  359,  379,1.000, 23.5,  364,  400
  625,  367,  376,1.000, 23.5,  363,  388
  626,  370,  372,1.000, 23.2,  368,  378
  627,  364,  393,1.000, 22.9,  372,  359
  628,  348,  388,1.000, 23.2,  370,  352
  629,  358,  390,1.000, 23.9,  366,  339
  630,  354,  376,1.000, 23.9,  363,  341
  631,  349,  375,1.000, 23.9,  345,  342
  632,  358,  375,1.000, 24.0,  358,  330
  633,  354,  374,1.000, 23.8,  360,  330
  634,  361,  378,1.000, 23.8,  359,  335
  635,  357,  375,1.000, 23.6,  353,  348
  636,  357,  367,1.000, 23.6,  358,  359
  637,  344,  386,1.000, 23.5,  358,  360
  638,  363,  372,1.000, 24.2,  354,  372
  639,  362,  369,1.000, 23.6,  345,  380
  640,  359,  372,1.000, 23.4,  358,  392
  641,  361,  362,1.000, 23.4,  343,  397
  642,  364,  383,1.000, 23.2,  352,  397
  643,  350,  384,1.000, 23.2,  350,  389
  644,  359,  383,1.000, 23.8,  348,  398
  645,  358,  368,1.000, 23.7,  354,  395
  646,  365,  365,1.000, 23.6,  349,  395
  647,  374,  368,1.000, 23.2,  357,  384
  648,  366,  364,1.000, 22.7,  366,  381
  649,  377,  373,1.000, 22.7,  358,  379
  650,  375,  373,1.000, 22.4,  365,  373
  651,  364,  363,1.000, 22.3,  363,  355
  652,  373,  373,1.000, 22.6,  363,  357
  653,  356,  370,1.000, 22.5,  365,  355
  654,  359,  375,1.000, 23.1,  380,  359
  655,  356,  369,1.000, 23.3,  373,  352
  656,  353,  378,1.000, 23.4,  364,  353
  657,  362,  370,1.000, 23.7,  367,  356
  658,  360,  373,1.000, 23.4,  369,  367
  659,  350,  371,1.000, 23.4,  362,  371
  660,  359,  368,1.000, 23.7,  375,  373
  661,  368,  371,1.000, 23.5,  374,  382
  662,  371,  360,1.000, 23.1,  379,  380
  663,  381,  368,1.000, 22.7,  379,  380
  664,  367,  366,1.000, 22.2,  373,  373
  665,  379,  380,1.000, 22.5,  357,  386
  666,  371,  365,1.000, 22.3,  353,  385
  667,  368,  372,1.000, 22.3,  361,  393
  668,  358,  377,1.000, 22.5,  357,  382
  669,  340,  387,1.000, 23.1,  362,  383
  670,  363,  373,1.000, 24.1,  346,  377
  671,  362,  371,1.000, 23.6,  342,  381
  672,  358,  373,1.000, 23.4,  362,  367
  673,  372,  364,1.000, 23.5,  365,  371
  674,  354,  366,1.000, 22.9,  381,  375
  675,  365,  389,1.000, 23.3,  369,  375
  676,  355,  385,1.000, 23.3,  380,  363
  677,  347,  394,1.000, 23.6,  380,  362
  678,  345,  399,1.000, 24.2,  376,  347
  679,  369,  380,1.000, 24.6,  374,  351
  680,  373,  366,1.000, 23.7,  364,  347
  681,  365,  365,1.000, 23.0,  365,  346
  682,  360,  377,1.000, 22.9,  371,  347
  683,  358,  368,1.000, 23.2,  365,  342
  684,  362,  367,1.000, 23.3,  351,  344
  685,  372,  358,1.000, 23.2,  331,  340
  686,  393,  356,1.000, 22.7,  341,  358
  687,  360,  356,1.000, 21.6,  342,  365
  688,  365,  372,1.000, 22.3,  344,  367
  689,  376,  365,1.000, 22.7,  349,  372
  690,  360,  383,1.000, 22.3,  343,  382
  691,  347,  392,1.000, 22.9,  358,  375
  692,  350,  378,1.000, 23.8,  360,  380
  693,  361,  365,1.000, 24.0,  371,  383
  694,  354,  370,1.000, 23.6,  358,  372
  695,  355,  377,1.000, 23.7,  370,  382
  696,  341,  369,1.000, 23.7,  363,  388
  697,  348,  377,1.000, 24.2,  369,  385
  698,  358,  381,1.000, 24.3,  365,  385
  699,  363,  381,1.000, 24.0,  367,  381
  700,  369,  381,1.000, 23.6,  366,  384
  701,  359,  372,1.000, 23.2,  377,  372
  702,  354,  380,1.000, 23.3,  361,  378
  703,  367,  377,1.000, 23.6,  362,  388
  704,  352,  371,1.000, 23.3,  352,  401
  705,  358,  380,1.000, 23.6,  347,  399
  706,  364,  367,1.000, 23.6,  353,  402
  707,  371,  367,1.000, 23.3,  343,  404
  708,  374,  359,1.000, 22.9,  352,  401
  709,  382,  348,1.000, 22.5,  352,  394
  710,  385,  361,1.000, 21.8,  358,  395
  711,  375,  355,1.000, 21.6,  361,  387
  712,  380,  357,1.000, 21.7,  373,  377
  713,  368,  358,1.000, 21.6,  367,  384
  714,  361,  370,1.000, 22.1,  378,  385
  715,  356,  381,1.000, 22.6,  373,  363
  716,  353,  393,1.000, 23.2,  386,  357
  717,  349,  393,1.000, 23.8,  386,  352
  718,  360,  395,1.000, 24.2,  389,  344
  719,  369,  397,1.000, 24.0,  392,  334
  720,  361,  381,1.000, 23.6,  389,  343
  721,  342,  378,1.000, 23.5,  392,  351
  722,  347,  385,1.000, 24.2,  391,  358
  723,  345,  380,1.000, 24.4,  380,  356
  724,  361,  381,1.000, 24.5,  373,  356
  725,  368,  376,1.000, 24.0,  371,  353
  726,  365,  369,1.000, 23.4,  360,  364
  727,  359,  381,1.000, 23.2,  358,  362
  728,  341,  381,1.000, 23.4,  352,  368
  729,  356,  368,1.000, 24.2,  353,  366
  730,  363,  377,1.000, 23.9,  367,  374
  731,  355,  367,1.000, 23.5,  365,  368
  732,  378,  365,1.000, 23.6,  365,  357
  733,  378,  358,1.000, 22.7,  355,  362
  734,  365,  376,1.000, 22.2,  372,  363
  735,  355,  370,1.000, 22.6,  374,  368
  736,  357,  378,1.000, 23.2,  377,  367
  737,  363,  378,1.000, 23.4,  377,  361
  738,  369,  374,1.000, 23.3,  373,  369
  739,  356,  369,1.000, 23.0,  370,  362
  740,  368,  377,1.000, 23.3,  380,  360
  741,  370,  362,1.000, 23.1,  377,  355
  742,  373,  369,1.000, 22.7,  374,  371
  743,  379,  354,1.000, 22.5,  368,  374
  744,  379,  354,1.000, 22.1,  361,  369
  745,  379,  357,1.000, 21.8,  351,  369
  746,  383,  352,1.000, 21.7,  359,  378
  747,  375,  361,1.000, 21.5,  368,  382
  748,  368,  358,1.000, 21.7,  369,  386
  749,  374,  368,1.000, 22.1,  373,  390
  750,  361,  375,1.000, 22.2,  381,  381
  751,  371,  380,1.000, 22.7,  375,  387
  752,  362,  381,1.000, 22.7,  362,  392
  753,  368,  379,1.000, 23.0,  361,  381
  754,  371,  373,1.000, 23.0,  372,  382
  755,  361,  371,1.000, 22.7,  367,  380
  756,  367,  368,1.000, 23.0,  367,  384
  757,  371,  353,1.000, 22.9,  368,  370
  758,  378,  363,1.000, 22.5,  366,  359
  759,  361,  370,1.000, 22.2,  360,  356
  760,  362,  383,1.000, 22.7,  372,  365
  761,  359,  368,1.000, 23.1,  370,  364
  762,  366,  390,1.000, 23.2,  375,  366
  763,  350,  385,1.000, 23.2,  379,  368
  764,  344,  393,1.000, 23.8,  372,  371
  765,  339,  397,1.000, 24.4,  359,  386
  766,  336,  389,1.000, 24.9,  361,  380
  767,  355,  393,1.000, 25.2,  366,  382
  768,  346,  387,1.000, 24.6,  378,  381
  769,  357,  376,1.000, 24.7,  370,  379
  770,  368,  374,1.000, 24.2,  363,  377
  771,  373,  358,1.000, 23.5,  357,  377
  772,  367,  369,1.000, 22.8,  355,  374
  773,  370,  364,1.000, 22.8,  366,  368
  774,  383,  366,1.000, 22.6,  357,  376
  775,  373,  365,1.000, 22.1,  361,  379
  776,  371,  368,1.000, 22.1,  373,  378
  777,  368,  366,1.000, 22.3,  374,  375
  778,  361,  386,1.000, 22.5,  377,  373
  779,  345,  380,1.000, 23.0,  371,  376
  780,  358,  385,1.000, 23.8,  374,  377
  781,  355,  389,1.000, 23.8,  389,  379
  782,  352,  374,1.000, 23.9,  387,  373
  783,  358,  382,1.000, 23.9,  382,  377
  784,  367,  382,1.000, 23.8,  386,  376
  785,  371,  371,1.000, 23.4,  383,  372
  786,  367,  378,1.000, 23.0,  378,  356
  787,  361,  385,1.000, 22.9,  385,  359
  788,  346,  395,1.000, 23.2,  378,  348
  789,  347,  383,1.000, 24.0,  383,  356
  790,  348,  379,1.000, 24.3,  377,  352
  791,  357,  376,1.000, 24.3,  374,  355
  792,  359,  379,1.000, 24.0,  378,  355
  793,  350,  381,1.000, 23.8,  366,  360
  794,  357,  381,1.000, 24.0,  374,  354
  795,  369,  371,1.000, 23.9,  373,  357
  796,  364,  368,1.000, 23.3,  377,  356
  797,  372,  370,1.000, 23.1,  387,  360
  798,  364,  366,1.000, 22.8,  383,  357
  799,  379,  362,1.000, 22.8,  384,  350
  800,  377,  357,1.000, 22.3,  384,  342
  801,  372,  353,1.000, 22.0,  388,  333
  802,  374,  355,1.000, 22.1,  382,  337
  803,  374,  354,1.000, 22.0,  390,  336
  804,  370,  370,1.000, 22.0,  393,  323
  805,  368,  363,1.000, 22.3,  394,  322
  806,  358,  383,1.000, 22.4,  385,  311
  807,  354,  388,1.000, 23.1,  368,  317
  808,  348,  382,1.000, 23.6,  371,  319
  809,  354,  383,1.000, 24.0,  363,  326
  810,  363,  381,1.000, 24.0,  368,  334
  811,  352,  361,1.000, 23.6,  355,  334
  812,  356,  375,1.000, 23.7,  366,  336
  813,  354,  380,1.000, 23.7,  359,  340
  814,  346,  381,1.000, 23.8,  355,  334
  815,  362,  371,1.000, 24.2,  342,  344
  816,  360,  374,1.000, 23.7,  345,  342
  817,  364,  372,1.000, 23.5,  338,  355
  818,  359,  370,1.000, 23.3,  358,  361
  819,  356,  351,1.000, 23.3,  359,  357
  820,  372,  367,1.000, 23.3,  365,  358
  821,  371,  354,1.000, 22.8,  364,  351
  822,  367,  375,1.000, 22.5,  369,  360
  823,  364,  363,1.000, 22.7,  370,  368
  824,  362,  365,1.000, 22.8,  376,  371
  825,  368,  364,1.000, 22.9,  379,  376
  826,  370,  362,1.000, 22.8,  373,  377
  827,  368,  372,1.000, 22.6,  359,  377
  828,  378,  366,1.000, 22.7,  360,  382
  829,  382,  350,1.000, 22.3,  363,  373
  830,  372,  374,1.000, 21.8,  362,  379
  831,  364,  363,1.000, 22.1,  377,  378
  832,  357,  375,1.000, 22.5,  372,  380
  833,  345,  383,1.000, 23.1,  371,  379
  834,  331,  402,1.000, 23.9,  377,  377
  835,  321,  402,1.000, 25.0,  372,  381
  836,  335,  410,1.000, 25.9,  366,  378
  837,  331,  399,1.000, 25.9,  358,  370
  838,  353,  401,1.000, 26.0,  359,  367
  839,  351,  384,1.000, 25.2,  372,  354
  840,  357,  384,1.000, 24.7,  368,  364
  841,  360,  379,1.000, 24.3,  368,  361
  842,  352,  369,1.000, 23.9,  352,  359
  843,  370,  370,1.000, 23.9,  343,  360
  844,  378,  355,1.000, 23.2,  346,  350
  845,  378,  355,1.000, 22.4,  349,  359
  846,  384,  336,1.000, 22.1,  355,  358
  847,  375,  339,1.000, 21.5,  360,  364
  848,  375,  364,1.000, 21.5,  359,  366
  849,  367,  373,1.000, 21.8,  366,  373
  850,  336,  381,1.000, 22.3,  366,  375
  851,  334,  414,1.000, 23.8,  368,  379
  852,  328,  410,1.000, 25.0,  371,  378
  853,  341,  397,1.000, 25.7,  379,  382
  854,  357,  383,1.000, 25.5,  384,  372
  855,  368,  373,1.000, 24.6,  379,  371
  856,  369,  371,1.000, 23.7,  358,  383
  857,  370,  377,1.000, 23.2,  358,  380
  858,  360,  371,1.000, 22.9,  358,  372
  859,  356,  380,1.000, 23.1,  350,  360
  860,  360,  389,1.000, 23.5,  348,  354
  861,  349,  380,1.000, 23.6,  353,  359
  862,  352,  363,1.000, 23.9,  361,  363
  863,  357,  377,1.000, 23.9,  359,  376
  864,  357,  368,1.000, 23.8,  351,  379
  865,  366,  361,1.000, 23.6,  356,  391
  866,  373,  359,1.000, 23.2,  364,  390
  867,  382,  361,1.000, 22.6,  371,  385
  868,  372,  370,1.000, 22.1,  367,  377
  869,  367,  375,1.000, 22.2,  377,  371
  870,  375,  356,1.000, 22.6,  379,  372
  871,  372,  365,1.000, 22.2,  374,  368
  872,  372,  368,1.000, 22.3,  373,  371
  873,  376,  358,1.000, 22.3,  369,  356
  874,  390,  349,1.000, 22.1,  372,  358
  875,  376,  357,1.000, 21.4,  366,  352
  876,  370,  359,1.000, 21.6,  372,  339
  877,  367,  377,1.000, 22.0,  371,  347
  878,  348,  376,1.000, 22.4,  366,  357
  879,  346,  386,1.000, 23.4,  381,  354
  880,  353,  383,1.000, 24.0,  385,  351
  881,  371,  361,1.000, 24.1,  377,  352
  882,  371,  369,1.000, 23.2,  379,  354
  883,  381,  353,1.000, 22.8,  388,  367
  884,  385,  346,1.000, 22.1,  389,  361
  885,  374,  347,1.000, 21.5,  394,  367
  886,  363,  373,1.000, 21.7,  389,  362
  887,  359,  377,1.000, 22.4,  388,  355
  888,  350,  390,1.000, 23.0,  387,  355
  889,  354,  389,1.000, 23.7,  379,  344
  890,  353,  386,1.000, 23.9,  390,  342
  891,  339,  390,1.000, 24.0,  381,  348
  892,  336,  395,1.000, 24.6,  377,  351
  893,  351,  382,1.000, 25.1,  376,  349
  894,  368,  377,1.000, 24.7,  368,  349
  895,  369,  367,1.000, 23.8,  370,  347
  896,  368,  367,1.000, 23.2,  374,  347
  897,  380,  360,1.000, 22.9,  375,  352
  898,  375,  361,1.000, 22.3,  373,  362
  899,  369,  357,1.000, 22.1,  371,  366
  900,  354,  384,1.000, 22.3,  370,  353
  901,  358,  391,1.000, 23.1,  367,  357
  902,  346,  389,1.000, 23.5,  358,  361
  903,  354,  375,1.000, 24.1,  356,  360
  904,  360,  379,1.000, 24.0,  359,  356
  905,  363,  371,1.000, 23.7,  372,  351
  906,  365,  371,1.000, 23.4,  371,  349
  907,  365,  366,1.000, 23.2,  374,  347
  908,  359,  376,1.000, 23.0,  374,  344
  909,  365,  385,1.000, 23.3,  371,  335
  910,  356,  369,1.000, 23.2,  366,  338
  911,  351,  390,1.000, 23.4,  366,  345
  912,  338,  391,1.000, 23.9,  364,  349
  913,  350,  386,1.000, 24.6,  366,  348
  914,  337,  391,1.000, 24.5,  374,  351
  915,  345,  395,1.000, 25.0,  380,  354
  916,  354,  381,1.000, 24.9,  364,  365
  917,  359,  381,1.000, 24.5,  368,  373
  918,  359,  375,1.000, 24.0,  366,  362
  919,  370,  375,1.000, 23.7,  371,  373
  920,  375,  364,1.000, 23.2,  368,  379
  921,  360,  366,1.000, 22.6,  364,  384
  922,  373,  382,1.000, 22.9,  367,  377
  923,  362,  368,1.000, 22.7,  371,  382
  924,  365,  372,1.000, 22.9,  362,  381
  925,  369,  366,1.000, 23.0,  376,  375
  926,  373,  365,1.000, 22.8,  364,  383
  927,  360,  368,1.000, 22.5,  372,  376
  928,  372,  374,1.000, 22.9,  379,  386
  929,  362,  370,1.000, 22.7,  374,  393
  930,  354,  384,1.000, 22.9,  376,  387
  931,  352,  384,1.000, 23.5,  367,  393
  932,  347,  395,1.000, 23.8,  364,  390
  933,  355,  384,1.000, 24.3,  359,  385
  934,  367,  386,1.000, 24.1,  361,  386
  935,  365,  372,1.000, 23.6,  369,  387
  936,  363,  368,1.000, 23.3,  366,  376
  937,  363,  391,1.000, 23.2,  363,  380
  938,  352,  390,1.000, 23.3,  354,  378
  939,  356,  374,1.000, 23.8,  353,  383
  940,  359,  381,1.000, 23.7,  358,  380
  941,  353,  368,1.000, 23.7,  362,  375
  942,  364,  375,1.000, 23.7,  360,  370
  943,  354,  365,1.000, 23.4,  365,  369
  944,  373,  374,1.000, 23.5,  377,  368
  945,  367,  368,1.000, 23.0,  374,  378
  946,  361,  377,1.000, 22.9,  374,  368
  947,  375,  375,1.000, 23.1,  366,  369
  948,  351,  373,1.000, 22.7,  386,  376
  949,  340,  375,1.000, 23.4,  385,  368
  950,  353,  387,1.000, 24.1,  380,  358
  951,  359,  394,1.000, 24.1,  378,  354
  952,  371,  377,1.000, 24.0,  376,  339
  953,  385,  361,1.000, 23.3,  377,  336
  954,  380,  368,1.000, 22.3,  374,  343
  955,  370,  363,1.000, 22.0,  366,  336
  956,  378,  359,1.000, 22.2,  368,  351
  957,  363,  358,1.000, 22.0,  370,  358
  958,  363,  361,1.000, 22.4,  375,  368
  959,  350,  366,1.000, 22.7,  367,  356
  960,  348,  382,1.000, 23.3,  374,  356
  961,  355,  381,1.000, 23.9,  371,  360
  962,  373,  362,1.000, 23.9,  370,  371
  963,  362,  369,1.000, 23.0,  367,  368
  964,  364,  377,1.000, 23.1,  376,  373
  965,  361,  382,1.000, 23.1,  378,  372
  966,  347,  378,1.000, 23.3,  373,  377
  967,  345,  387,1.000, 23.9,  370,  375
  968,  361,  379,1.000, 24.3,  370,  344
  969,  365,  392,1.000, 23.9,  371,  328
  970,  363,  373,1.000, 23.6,  363,  332
  971,  358,  396,1.000, 23.4,  356,  335
  972,  357,  396,1.000, 23.7,  356,  334
  973,  345,  382,1.000, 23.8,  355,  347
  974,  338,  378,1.000, 24.3,  351,  354
  975,  361,  378,1.000, 24.7,  339,  362
  976,  351,  375,1.000, 24.0,  346,  357
  977,  345,  387,1.000, 24.1,  352,  382
  978,  335,  384,1.000, 24.4,  355,  378
  979,  350,  390,1.000, 24.9,  370,  398
  980,  340,  379,1.000, 24.7,  359,  407
  981,  348,  376,1.000, 24.8,  363,  407
  982,  368,  374,1.000, 24.6,  371,  399
  983,  372,  375,1.000, 23.7,  377,  385
  984,  384,  364,1.000, 23.1,  374,  382
  985,  377,  374,1.000, 22.2,  364,  384
  986,  365,  375,1.000, 22.2,  372,  379
  987,  357,  386,1.000, 22.6,  369,  372
  988,  346,  392,1.000, 23.2,  363,  380
  989,  351,  391,1.000, 24.0,  352,  365
  990,  348,  381,1.000, 24.2,  351,  362
  991,  346,  385,1.000, 24.3,  338,  364
  992,  353,  382,1.000, 24.5,  346,  380
  993,  358,  373,1.000, 24.3,  336,  382
  994,  361,  399,1.000, 23.9,  348,  386
  995,  344,  366,1.000, 23.8,  349,  399
  996,  364,  371,1.000, 24.1,  359,  387
  997,  372,  365,1.000, 23.6,  355,  395
  998,  378,  364,1.000, 22.9,  355,  404
  999,  383,  355,1.000, 22.4,  359,  397
 1000,  382,  351,1.000, 21.8,  358,  388
 1001,  374,  367,1.000, 21.6,  353,  378
 1002,  362,  367,1.000, 21.9,  349,  377
 1003,  356,  378,1.000, 22.5,  352,  368
 1004,  339,  392,1.000, 23.1,  349,  374
 1005,  335,  391,1.000, 24.2,  348,  371
 1006,  348,  380,1.000, 24.9,  354,  372
 1007,  345,  375,1.000, 24.6,  363,  363
 1008,  350,  388,1.000, 24.6,  372,  359
 1009,  351,  378,1.000, 24.5,  378,  361
 1010,  364,  370,1.000, 24.3,  371,  363
 1011,  365,  369,1.000, 23.7,  369,  365
 1012,  362,  374,1.000, 23.3,  367,  362
 1013,  388,  370,1.000, 23.3,  370,  372
 1014,  371,  372,1.000, 22.2,  372,  372
 1015,  358,  361,1.000, 22.4,  373,  368
 1016,  354,  389,1.000, 22.8,  372,  357
 1017,  351,  389,1.000, 23.5,  371,  380
 1018,  341,  378,1.000, 23.9,  364,  379
 1019,  349,  392,1.000, 24.4,  363,  370
 1020,  333,  389,1.000, 24.5,  354,  371
 1021,  354,  399,1.000, 25.1,  357,  377
 1022,  350,  385,1.000, 24.7,  374,  366
 1023,  361,  374,1.000, 24.5,  378,  359
 1024,  369,  376,1.000, 23.9,  388,  362
 1025,  363,  361,1.000, 23.3,  385,  356
 1026,  373,  362,1.000, 23.1,  384,  356
 1027,  377,  369,1.000, 22.6,  370,  365
 1028,  372,  367,1.000, 22.3,  374,  355
 1029,  362,  368,1.000, 22.3,  381,  345
 1030,  352,  377,1.000, 22.7,  378,  349
 1031,  351,  376,1.000, 23.4,  368,  357
 1032,  364,  380,1.000, 23.7,  363,  354
 1033,  353,  380,1.000, 23.5,  357,  356
 1034,  348,  386,1.000, 23.7,  357,  368
 1035,  352,  384,1.000, 24.1,  356,  366
 1036,  356,  378,1.000, 24.2,  342,  367
 1037,  378,  365,1.000, 24.0,  346,  367
 1038,  373,  365,1.000, 22.9,  357,  362
 1039,  365,  349,1.000, 22.6,  375,  354
 1040,  364,  359,1.000, 22.6,  364,  366
 1041,  358,  378,1.000, 22.7,  354,  370
 1042,  360,  375,1.000, 23.1,  360,  360
 1043,  364,  383,1.000, 23.3,  362,  357
 1044,  361,  379,1.000, 23.3,  375,  351
 1045,  362,  373,1.000, 23.3,  379,  348
 1046,  365,  368,1.000, 23.3,  378,  349
 1047,  356,  367,1.000, 23.1,  387,  351
 1048,  365,  372,1.000, 23.3,  393,  348
 1049,  362,  370,1.000, 23.1,  388,  358
 1050,  357,  368,1.000, 23.1,  376,  362
 1051,  363,  382,1.000, 23.3,  373,  350
 1052,  365,  368,1.000, 23.3,  382,  341
 1053,  373,  364,1.000, 23.1,  381,  342
 1054,  378,  352,1.000, 22.7,  386,  349
 1055,  384,  357,1.000, 22.1,  376,  353
 1056,  366,  370,1.000, 21.7,  371,  352
 1057,  370,  362,1.000, 22.3,  363,  351
 1058,  356,  377,1.000, 22.3,  355,  351
 1059,  351,  381,1.000, 23.0,  361,  362
 1060,  346,  379,1.000, 23.6,  363,  359
 1061,  358,  384,1.000, 24.1,  373,  362
 1062,  358,  359,1.000, 23.9,  379,  371
 1063,  374,  356,1.000, 23.6,  367,  382
 1064,  386,  348,1.000, 22.8,  365,  389
 1065,  371,  349,1.000, 21.9,  362,  401
 1066,  381,  361,1.000, 22.0,  357,  397
 1067,  369,  381,1.000, 21.8,  369,  404
 1068,  347,  384,1.000, 22.3,  363,  412
 1069,  348,  398,1.000, 23.4,  353,  415
 1070,  334,  404,1.000, 24.1,  347,  409
 1071,  337,  404,1.000, 25.0,  349,  389
 1072,  349,  394,1.000, 25.3,  348,  395
 1073,  359,  377,1.000, 25.0,  346,  388
 1074,  365,  378,1.000, 24.2,  354,  380
 1075,  366,  372,1.000, 23.7,  353,  381
 1076,  373,  366,1.000, 23.3,  358,  382
 1077,  364,  360,1.000, 22.8,  364,  385
 1078,  376,  362,1.000, 22.8,  357,  390
 1079,  380,  366,1.000, 22.4,  345,  387
 1080,  370,  377,1.000, 22.1,  351,  396
 1081,  354,  375,1.000, 22.4,  353,  390
 1082,  360,  384,1.000, 23.1,  350,  399
 1083,  356,  386,1.000, 23.3,  352,  409
 1084,  351,  378,1.000, 23.6,  355,  406
 1085,  342,  398,1.000, 23.9,  361,  396
 1086,  358,  386,1.000, 24.5,  352,  392
 1087,  358,  365,1.000, 24.1,  341,  394
 1088,  365,  381,1.000, 23.8,  345,  395
 1089,  358,  367,1.000, 23.4,  350,  387
 1090,  354,  379,1.000, 23.4,  363,  390
 1091,  366,  378,1.000, 23.7,  379,  380
 1092,  356,  377,1.000, 23.3,  373,  366
 1093,  355,  390,1.000, 23.5,  373,  367
 1094,  356,  394,1.000, 23.8,  365,  373
 1095,  344,  385,1.000, 23.9,  373,  366
 1096,  345,  378,1.000, 24.4,  375,  359
 1097,  363,  372,1.000, 24.5,  376,  362
 1098,  370,  376,1.000, 23.8,  366,  358
 1099,  370,  369,1.000, 23.2,  366,  358
 1100,  359,  376,1.000, 22.9,  359,  370
 1101,  351,  376,1.000, 23.2,  363,  369
 1102,  358,  368,1.000, 23.6,  356,  375
 1103,  361,  366,1.000, 23.5,  360,  386
 1104,  372,  358,1.000, 23.3,  366,  389
 1105,  384,  354,1.000, 22.8,  369,  379
 1106,  381,  362,1.000, 22.0,  375,  377
 1107,  376,  363,1.000, 21.8,  361,  381
 1108,  370,  367,1.000, 21.9,  355,  383
 1109,  360,  383,1.000, 22.2,  370,  386
 1110,  357,  368,1.000, 22.9,  376,  369
 1111,  357,  386,1.000, 23.2,  376,  368
 1112,  360,  378,1.000, 23.5,  383,  349
 1113,  372,  365,1.000, 23.5,  373,  340
 1114,  365,  370,1.000, 22.9,  371,  335
 1115,  361,  363,1.000, 22.9,  362,  330
 1116,  368,  384,1.000, 23.0,  355,  327
 1117,  362,  378,1.000, 23.0,  362,  333
 1118,  352,  375,1.000, 23.2,  360,  337
 1119,  355,  375,1.000, 23.6,  358,  336
 1120,  361,  372,1.000, 23.7,  364,  338
 1121,  367,  361,1.000, 23.5,  353,  350
 1122,  385,  354,1.000, 23.0,  349,  355
 1123,  387,  355,1.000, 22.1,  361,  368
 1124,  367,  346,1.000, 21.5,  366,  374
 1125,  360,  368,1.000, 21.9,  365,  385
 1126,  350,  381,1.000, 22.6,  370,  388
 1127,  353,  382,1.000, 23.4,  368,  395
 1128,  348,  390,1.000, 23.7,  374,  398
 1129,  330,  388,1.000, 24.2,  362,  394
 1130,  346,  400,1.000, 25.0,  376,  392
 1131,  352,  386,1.000, 25.0,  375,  384
 1132,  363,  377,1.000, 24.6,  369,  385
 1133,  365,  374,1.000, 23.9,  370,  381
 1134,  358,  378,1.000, 23.5,  370,  378
 1135,  358,  382,1.000, 23.5,  369,  372
 1136,  363,  372,1.000, 23.6,  363,  379
 1137,  364,  370,1.000, 23.4,  364,  364
 1138,  376,  376,1.000, 23.2,  370,  361
 1139,  364,  369,1.000, 22.7,  370,  364
 1140,  361,  378,1.000, 22.8,  381,  370
 1141,  358,  374,1.000, 23.1,  378,  375
 1142,  359,  383,1.000, 23.3,  383,  371
 1143,  355,  391,1.000, 23.5,  393,  371
 1144,  338,  386,1.000, 23.8,  388,  368
 1145,  358,  406,1.000, 24.5,  383,  358
 1146,  349,  394,1.000, 24.3,  392,  358
 1147,  336,  400,1.000, 24.5,  379,  362
 1148,  346,  405,1.000, 25.1,  374,  361
 1149,  333,  401,1.000, 25.0,  365,  362
 1150,  357,  389,1.000, 25.5,  354,  345
 1151,  357,  375,1.000, 24.7,  360,  340
 1152,  356,  373,1.000, 24.2,  346,  336
 1153,  348,  369,1.000, 23.9,  355,  340
 1154,  349,  374,1.000, 24.0,  338,  355
 1155,  363,  368,1.000, 24.1,  342,  356
 1156,  360,  364,1.000, 23.6,  350,  376
 1157,  364,  362,1.000, 23.4,  344,  386
 1158,  359,  369,1.000, 23.1,  356,  381
 1159,  352,  375,1.000, 23.2,  368,  379
 1160,  366,  371,1.000, 23.6,  379,  374
 1161,  356,  384,1.000, 23.2,  387,  380
 1162,  351,  394,1.000, 23.6,  387,  379
 1163,  354,  392,1.000, 24.0,  386,  375
 1164,  358,  379,1.000, 24.1,  380,  372
 1165,  370,  364,1.000, 23.9,  377,  368
 1166,  367,  372,1.000, 23.2,  379,  362
 1167,  361,  373,1.000, 23.0,  377,  351
 1168,  371,  365,1.000, 23.1,  385,  349
 1169,  368,  360,1.000, 22.8,  387,  343
 1170,  366,  374,1.000, 22.6,  375,  347
 1171,  358,  374,1.000, 22.8,  374,  345
 1172,  363,  383,1.000, 23.2,  365,  352
 1173,  348,  390,1.000, 23.2,  379,  350
 1174,  344,  389,1.000, 23.9,  369,  365
 1175,  351,  381,1.000, 24.4,  371,  364
 1176,  357,  387,1.000, 24.3,  379,  359
 1177,  362,  372,1.000, 24.1,  375,  350
 1178,  368,  373,1.000, 23.6,  376,  345
 1179,  372,  367,1.000, 23.2,  365,  346
 1180,  365,  370,1.000, 22.8,  363,  352
 1181,  364,  388,1.000, 22.9,  362,  348
 1182,  345,  381,1.000, 23.1,  368,  353
 1183,  342,  371,1.000, 23.9,  379,  355
 1184,  360,  371,1.000, 24.3,  372,  350
 1185,  373,  365,1.000, 23.8,  377,  353
 1186,  365,  368,1.000, 23.0,  368,  374
 1187,  368,  364,1.000, 23.0,  371,  391
 1188,  359,  370,1.000, 22.8,  365,  398
 1189,  369,  377,1.000, 23.1,  363,  396
 1190,  358,  379,1.000, 22.9,  357,  401
 1191,  375,  370,1.000, 23.3,  360,  400
 1192,  372,  366,1.000, 22.7,  362,  397
 1193,  375,  367,1.000, 22.5,  361,  388
 1194,  374,  367,1.000, 22.3,  357,  379
 1195,  373,  374,1.000, 22.3,  340,  385
 1196,  362,  376,1.000, 22.3,  343,  385
 1197,  362,  376,1.000, 22.8,  343,  377
 1198,  354,  362,1.000, 23.0,  350,  366
 1199,  363,  370,1.000, 23.3,  362,  361
 1200,  366,  361,1.000, 23.2,  368,  372
 1201,  360,  374,1.000, 22.9,  361,  370
 1202,  354,  384,1.000, 23.2,  362,  390
 1203,  361,  366,1.000, 23.6,  373,  384
 1204,  350,  367,1.000, 23.4,  371,  394
 1205,  356,  382,1.000, 23.7,  364,  401
 1206,  369,  375,1.000, 23.8,  358,  409
 1207,  363,  377,1.000, 23.2,  373,  407
 1208,  366,  370,1.000, 23.2,  374,  405
 1209,  360,  379,1.000, 23.0,  362,  404
 1210,  357,  386,1.000, 23.3,  345,  400
 1211,  349,  393,1.000, 23.5,  349,  397
 1212,  346,  385,1.000, 24.1,  352,  391
 1213,  351,  392,1.000, 24.4,  346,  383
 1214,  356,  378,1.000, 24.4,  343,  377
 1215,  364,  373,1.000, 24.1,  336,  364
 1216,  365,  387,1.000, 23.6,  337,  367
 1217,  349,  379,1.000, 23.4,  350,  364
 1218,  376,  366,1.000, 23.9,  357,  356
 1219,  364,  361,1.000, 22.9,  359,  360
 1220,  361,  359,1.000, 22.9,  363,  370
